"","uid","domainID","siteID","namedLocation","collectDate","processedDate","parentSampleID","sampleID","sampleCode","analysisType","fieldSampleVolume","labSampleVolume","domainFilterVolume","adjAshFreeDryMass","plantDryMass","plantSurfaceArea","plantAdjAshFreeDryMass","preservativeType","preservativeVolume","remarks","measuredBy","recordedBy","sampleCondition","ashMassDataQF","dataQF","publicationDate","release"
"1","45b9cdce-f8d2-45ac-ab6d-14af6e54c3d7","D10","ARIK","ARIK.AOS.reach",2016-03-29 16:06:00,2016-03-30 18:00:00,"ARIK.20160329.EPIPHYTON.5","ARIK.20160329.EPIPHYTON.5",NA,"taxonomy",60,NA,NA,NA,NA,NA,NA,"glutaraldehyde",1.2,NA,NA,"hschartel@neoninc.org",NA,NA,NA,"20221122T180836Z","RELEASE-2023"
"2","e406ba65-2d4c-493c-87ba-a47888c0a597","D10","ARIK","ARIK.AOS.reach",2016-03-29 16:06:00,2016-03-30 18:00:00,"ARIK.20160329.EPIPHYTON.1","ARIK.20160329.EPIPHYTON.1",NA,"AFDM",0,NA,4,NA,NA,NA,0.2314,NA,NA,"fieldSampleVolume not recorded",NA,"hschartel@neoninc.org","undetermined",NA,NA,"20221122T180836Z","RELEASE-2023"
"3","56f5fe7b-faa4-47c3-a30c-4e37fde36b38","D10","ARIK","ARIK.AOS.reach",2016-03-29 16:06:00,2016-03-30 18:00:00,"ARIK.20160329.EPIPHYTON.4","ARIK.20160329.EPIPHYTON.4",NA,"taxonomy",60,NA,NA,NA,NA,NA,NA,"glutaraldehyde",1.2,NA,NA,"hschartel@neoninc.org",NA,NA,NA,"20221122T180836Z","RELEASE-2023"
"4","a43ccec0-15e9-4719-86c0-43712e8e354f","D10","ARIK","ARIK.AOS.reach",2016-03-29 16:06:00,2016-03-30 18:00:00,"ARIK.20160329.EPIPHYTON.3","ARIK.20160329.EPIPHYTON.3",NA,"AFDM",0,NA,5,0.0017,NA,NA,0.2687,NA,NA,"fieldSampleVolume not recorded",NA,"hschartel@neoninc.org",NA,NA,NA,"20221122T180836Z","RELEASE-2023"
"5","27f69932-a58c-4417-9361-4a6b711301d7","D10","ARIK","ARIK.AOS.reach",2016-03-29 16:06:00,2016-03-30 18:00:00,"ARIK.20160329.EPIPHYTON.1","ARIK.20160329.EPIPHYTON.1",NA,"taxonomy",60,NA,NA,NA,NA,NA,NA,"glutaraldehyde",1.2,NA,NA,"hschartel@neoninc.org",NA,NA,NA,"20221122T180836Z","RELEASE-2023"
"6","3113f4c0-4d22-48aa-bf0e-8c467a42da50","D10","ARIK","ARIK.AOS.reach",2016-03-29 16:06:00,2016-03-30 18:00:00,"ARIK.20160329.EPIPHYTON.4","ARIK.20160329.EPIPHYTON.4",NA,"AFDM",0,NA,5,NA,NA,NA,0.1584,NA,NA,"fieldSampleVolume not recorded",NA,"hschartel@neoninc.org","undetermined",NA,NA,"20221122T180836Z","RELEASE-2023"
"7","9a5732e1-ee16-4081-b3a1-ea7f22da41ff","D10","ARIK","ARIK.AOS.reach",2016-03-29 16:06:00,2016-03-30 18:00:00,"ARIK.20160329.EPIPHYTON.3","ARIK.20160329.EPIPHYTON.3",NA,"taxonomy",60,NA,NA,NA,NA,NA,NA,"glutaraldehyde",1.2,NA,NA,"hschartel@neoninc.org",NA,NA,NA,"20221122T180836Z","RELEASE-2023"
"8","1599b657-e082-4db0-8f64-153f2ac534ea","D10","ARIK","ARIK.AOS.reach",2016-03-29 16:06:00,2016-03-30 18:00:00,"ARIK.20160329.EPIPHYTON.5","ARIK.20160329.EPIPHYTON.5",NA,"AFDM",0,NA,5,1e-04,NA,NA,0.4116,NA,NA,"fieldSampleVolume not recorded",NA,"hschartel@neoninc.org",NA,NA,NA,"20221122T180836Z","RELEASE-2023"
"9","3c584a62-35f2-4154-8156-462ec3a6f6e5","D10","ARIK","ARIK.AOS.reach",2016-03-29 16:06:00,2016-03-30 18:00:00,"ARIK.20160329.EPIPHYTON.2","ARIK.20160329.EPIPHYTON.2",NA,"AFDM",175,NA,2,1e-04,NA,NA,0.2993,NA,NA,NA,NA,"hschartel@neoninc.org","OK",NA,"legacyData","20221122T180836Z","RELEASE-2023"
"10","5efcb985-3fbb-465b-85f6-7fa355033b64","D10","ARIK","ARIK.AOS.S2",2016-03-29 16:06:00,2016-03-30 18:00:00,"ARIK.20160329.SESTON.1","ARIK.20160329.SESTON.1",NA,"AFDM",5000,NA,350,4e-04,NA,NA,NA,NA,NA,NA,NA,"hschartel@neoninc.org","OK",NA,"legacyData","20221122T180836Z","RELEASE-2023"
"11","b7d6a01f-ad11-4cd0-b220-ea056207f9b3","D10","ARIK","ARIK.AOS.reach",2016-03-29 16:06:00,2016-03-30 18:00:00,"ARIK.20160329.EPIPSAMMON.1","ARIK.20160329.EPIPSAMMON.1",NA,"AFDM",125,NA,5,0.0016,NA,NA,NA,NA,NA,NA,NA,"hschartel@neoninc.org","OK",NA,"legacyData","20221122T180836Z","RELEASE-2023"
"12","6ef83f45-727d-472e-a366-233e62494360","D10","ARIK","ARIK.AOS.reach",2016-03-29 16:06:00,2016-03-30 18:00:00,"ARIK.20160329.EPIPSAMMON.2","ARIK.20160329.EPIPSAMMON.2",NA,"AFDM",125,NA,2,0.0011,NA,NA,NA,NA,NA,NA,NA,"hschartel@neoninc.org","OK",NA,"legacyData","20221122T180836Z","RELEASE-2023"
"13","0f3d0331-c2c7-4cda-b882-9eb2ee8c55a7","D10","ARIK","ARIK.AOS.reach",2016-03-29 16:06:00,2016-03-30 18:00:00,"ARIK.20160329.EPIPSAMMON.2","ARIK.20160329.EPIPSAMMON.2",NA,"taxonomy",125,60,NA,NA,NA,NA,NA,"glutaraldehyde",1.2,NA,NA,"hschartel@neoninc.org","OK",NA,"legacyData","20221122T180836Z","RELEASE-2023"
"14","fa5e00a3-1bb7-48ca-b07f-e620df55e0d0","D10","ARIK","ARIK.AOS.reach",2016-03-29 16:06:00,2016-03-30 18:00:00,"ARIK.20160329.EPIPSAMMON.3","ARIK.20160329.EPIPSAMMON.3",NA,"taxonomy",125,60,NA,NA,NA,NA,NA,"glutaraldehyde",1.2,NA,NA,"hschartel@neoninc.org","OK",NA,"legacyData","20221122T180836Z","RELEASE-2023"
"15","230cd7b3-f454-4e1d-badc-9453fb443272","D10","ARIK","ARIK.AOS.reach",2016-03-29 16:06:00,2016-03-30 18:00:00,"ARIK.20160329.EPIPSAMMON.1","ARIK.20160329.EPIPSAMMON.1",NA,"taxonomy",125,60,NA,NA,NA,NA,NA,"glutaraldehyde",1.2,NA,NA,"hschartel@neoninc.org","OK",NA,"legacyData","20221122T180836Z","RELEASE-2023"
"16","588bb1df-1558-48c9-bcfc-5b6033693321","D10","ARIK","ARIK.AOS.reach",2016-03-29 16:06:00,2016-03-30 18:00:00,"ARIK.20160329.EPIPHYTON.2","ARIK.20160329.EPIPHYTON.2",NA,"taxonomy",175,60,NA,NA,NA,NA,NA,"glutaraldehyde",1.2,NA,NA,"hschartel@neoninc.org","OK",NA,"legacyData","20221122T180836Z","RELEASE-2023"
"17","5d3fd9cf-3bd5-4f85-b5c0-35454a2ade07","D10","ARIK","ARIK.AOS.S2",2016-03-29 16:06:00,2016-03-30 18:00:00,"ARIK.20160329.SESTON.1","ARIK.20160329.SESTON.1",NA,"taxonomy",5000,1000,NA,NA,NA,NA,NA,"Lugol's iodine",20,NA,NA,"hschartel@neoninc.org","OK",NA,"legacyData","20221122T180836Z","RELEASE-2023"
"18","baa02a5e-a5ce-494b-abf6-01a49402620a","D10","ARIK","ARIK.AOS.reach",2016-07-19 15:06:00,2016-07-20 18:00:00,"ARIK.20160719.EPIPHYTON.2","ARIK.20160719.EPIPHYTON.2",NA,"AFDM",125,NA,2,9e-04,NA,NA,1.3606,NA,NA,NA,NA,"hshcartel@neoninc.org","OK",NA,"legacyData","20221122T190641Z","RELEASE-2023"
"19","220a5d84-157d-4a43-a630-ade0af2ac531","D10","ARIK","ARIK.AOS.reach",2016-07-19 15:06:00,2016-07-20 18:00:00,"ARIK.20160719.EPIPSAMMON.1","ARIK.20160719.EPIPSAMMON.1",NA,"AFDM",285,NA,5,0.0026,NA,NA,NA,NA,NA,NA,NA,"hshcartel@neoninc.org","OK",NA,"legacyData","20221122T190641Z","RELEASE-2023"
"20","6f2d81df-c6a6-4850-ac24-906d4f5bfeb7","D10","ARIK","ARIK.AOS.reach",2016-07-19 15:06:00,2016-07-20 18:00:00,"ARIK.20160719.EPIPHYTON.1","ARIK.20160719.EPIPHYTON.1",NA,"AFDM",125,NA,2,8e-04,NA,264,1.1696,NA,NA,NA,NA,"hshcartel@neoninc.org","OK",NA,"legacyData","20221122T190641Z","RELEASE-2023"
"21","9314ebc3-f5c9-474f-82fd-245e34bd4b2f","D10","ARIK","ARIK.AOS.reach",2016-07-19 15:06:00,2016-07-20 18:00:00,"ARIK.20160719.EPIPHYTON.5","ARIK.20160719.EPIPHYTON.5",NA,"AFDM",125,NA,2,4e-04,NA,NA,0.9524,NA,NA,NA,NA,"hshcartel@neoninc.org","OK",NA,"legacyData","20221122T190641Z","RELEASE-2023"
"22","cceac3ff-f615-40b3-af2b-51fd69df04e7","D10","ARIK","ARIK.AOS.reach",2016-07-19 15:06:00,2016-07-20 18:00:00,"ARIK.20160719.EPIPHYTON.3","ARIK.20160719.EPIPHYTON.3",NA,"AFDM",125,NA,5,0.0016,NA,NA,2.0709,NA,NA,NA,NA,"hshcartel@neoninc.org","OK",NA,"legacyData","20221122T190641Z","RELEASE-2023"
"23","46933e47-90d4-4e5f-ace4-928bc76d07ff","D10","ARIK","ARIK.AOS.reach",2016-07-19 15:06:00,2016-07-20 18:00:00,"ARIK.20160719.EPIPHYTON.4","ARIK.20160719.EPIPHYTON.4",NA,"AFDM",125,NA,2,0.001,NA,NA,0.8182,NA,NA,NA,NA,"hshcartel@neoninc.org","OK",NA,"legacyData","20221122T190641Z","RELEASE-2023"
"24","55745ca1-bb36-46c3-8d41-c2a35b0a4523","D10","ARIK","ARIK.AOS.reach",2016-07-19 15:06:00,2016-07-20 18:00:00,"ARIK.20160719.EPIPSAMMON.2","ARIK.20160719.EPIPSAMMON.2",NA,"AFDM",303,NA,5,0.0085,NA,NA,NA,NA,NA,NA,NA,"hshcartel@neoninc.org","OK",NA,"legacyData","20221122T190641Z","RELEASE-2023"
"25","7bae4677-045c-4b3d-9f77-a01bc9041400","D10","ARIK","ARIK.AOS.reach",2016-07-19 15:06:00,2016-07-20 18:00:00,"ARIK.20160719.EPIPSAMMON.3","ARIK.20160719.EPIPSAMMON.3",NA,"AFDM",125,NA,2,9e-04,NA,NA,NA,NA,NA,NA,NA,"hshcartel@neoninc.org","OK",NA,"legacyData","20221122T190641Z","RELEASE-2023"
"26","fc578add-4119-4b91-ad56-928b756ea8ca","D10","ARIK","ARIK.AOS.S2",2016-07-19 15:06:00,2016-07-20 18:00:00,"ARIK.20160719.SESTON.1","ARIK.20160719.SESTON.1",NA,"AFDM",5000,NA,260,6e-04,NA,NA,NA,NA,NA,NA,NA,"hshcartel@neoninc.org","OK",NA,"legacyData","20221122T190641Z","RELEASE-2023"
"27","9d42154e-2028-4e0f-9bce-df01e101aea5","D10","ARIK","ARIK.AOS.reach",2016-07-19 15:06:00,2016-07-20 18:00:00,"ARIK.20160719.EPIPSAMMON.1","ARIK.20160719.EPIPSAMMON.1",NA,"taxonomy",285,60,NA,NA,NA,NA,NA,"glutaraldehyde",1.2,"SAMPLE VOLUME: WATER=285ML; SED=40ML; WET FILTER + BOAT = 1.3933",NA,"hshcartel@neoninc.org","OK",NA,"legacyData","20221122T190641Z","RELEASE-2023"
"28","c68c939e-dcb7-41b9-bcc9-97fa75383247","D10","ARIK","ARIK.AOS.reach",2016-07-19 15:06:00,2016-07-20 18:00:00,"ARIK.20160719.EPIPHYTON.2","ARIK.20160719.EPIPHYTON.2",NA,"taxonomy",125,60,NA,NA,NA,NA,NA,"glutaraldehyde",1.2,NA,NA,"hshcartel@neoninc.org","OK",NA,"legacyData","20221122T190641Z","RELEASE-2023"
"29","74bb6971-9fee-4acf-bf8b-56c441d8446d","D10","ARIK","ARIK.AOS.reach",2016-07-19 15:06:00,2016-07-20 18:00:00,"ARIK.20160719.EPIPSAMMON.2","ARIK.20160719.EPIPSAMMON.2",NA,"taxonomy",303,60,NA,NA,NA,NA,NA,"glutaraldehyde",1.2,"SAMPLE VOLUME: WATER=303ML; SED=47ML; WET FILTER + BOAT = 1.5056",NA,"hshcartel@neoninc.org","OK",NA,"legacyData","20221122T190641Z","RELEASE-2023"
"30","e4fa45d2-e379-402d-8d15-31e534537af6","D10","ARIK","ARIK.AOS.reach",2016-07-19 15:06:00,2016-07-20 18:00:00,"ARIK.20160719.EPIPHYTON.3","ARIK.20160719.EPIPHYTON.3",NA,"taxonomy",125,60,NA,NA,NA,NA,NA,"glutaraldehyde",1.2,NA,NA,"hshcartel@neoninc.org","OK",NA,"legacyData","20221122T190641Z","RELEASE-2023"
"31","c0cab66a-896e-4d94-845d-01f1cc941aa4","D10","ARIK","ARIK.AOS.reach",2016-07-19 15:06:00,2016-07-20 18:00:00,"ARIK.20160719.EPIPHYTON.1","ARIK.20160719.EPIPHYTON.1",NA,"taxonomy",125,60,NA,NA,NA,NA,NA,"glutaraldehyde",1.2,NA,NA,"hshcartel@neoninc.org","OK",NA,"legacyData","20221122T190641Z","RELEASE-2023"
"32","a3f8e7b6-a90b-4692-90dc-099c1fb7275a","D10","ARIK","ARIK.AOS.reach",2016-07-19 15:06:00,2016-07-20 18:00:00,"ARIK.20160719.EPIPSAMMON.3","ARIK.20160719.EPIPSAMMON.3",NA,"taxonomy",125,60,NA,NA,NA,NA,NA,"glutaraldehyde",1.2,"SAMPLE VOLUME: WATER=100ML; SED=71ML; WET FILTER + BOAT = 1.3287",NA,"hshcartel@neoninc.org","OK",NA,"legacyData","20221122T190641Z","RELEASE-2023"
"33","3f163645-fcf5-422d-9cf7-b9e557c8b2f5","D10","ARIK","ARIK.AOS.S2",2016-07-19 15:06:00,2016-07-20 18:00:00,"ARIK.20160719.SESTON.1","ARIK.20160719.SESTON.1",NA,"taxonomy",5000,1000,NA,NA,NA,NA,NA,"Lugol's iodine",20,NA,NA,"hshcartel@neoninc.org","OK",NA,"legacyData","20221122T190641Z","RELEASE-2023"
"34","e463f767-daaa-4ed7-9a31-62a19958e65b","D10","ARIK","ARIK.AOS.reach",2016-07-19 15:06:00,2016-07-20 18:00:00,"ARIK.20160719.EPIPHYTON.5","ARIK.20160719.EPIPHYTON.5",NA,"taxonomy",125,60,NA,NA,NA,NA,NA,"glutaraldehyde",1.2,NA,NA,"hshcartel@neoninc.org","OK",NA,"legacyData","20221122T190641Z","RELEASE-2023"
"35","ef25e66e-bb2a-45d2-9879-2abfef391c7b","D10","ARIK","ARIK.AOS.reach",2016-07-19 15:06:00,2016-07-20 18:00:00,"ARIK.20160719.EPIPHYTON.4","ARIK.20160719.EPIPHYTON.4",NA,"taxonomy",125,60,NA,NA,NA,NA,NA,"glutaraldehyde",1.2,NA,NA,"hshcartel@neoninc.org","OK",NA,"legacyData","20221122T190641Z","RELEASE-2023"
"36","c5dc17ff-1c0e-457d-bb88-df9bf9e08135","D10","ARIK","ARIK.AOS.reach",2016-09-27 14:25:00,2016-09-28 18:00:00,"ARIK.20160927.EPIPHYTON.5","ARIK.20160927.EPIPHYTON.5",NA,"AFDM",0,NA,5,0.0012,NA,NA,2.5297,NA,NA,"fieldSampleVolume not recorded",NA,"hschartel@neoninc.org",NA,NA,NA,"20221122T190834Z","RELEASE-2023"
"37","30542ccc-4c61-4766-be4a-1fb1c2eb3b59","D10","ARIK","ARIK.AOS.reach",2016-09-27 14:25:00,2016-09-28 18:00:00,"ARIK.20160927.EPIPHYTON.5","ARIK.20160927.EPIPHYTON.5",NA,"taxonomy",60,NA,NA,NA,NA,NA,NA,"glutaraldehyde",1.2,NA,NA,"hschartel@neoninc.org",NA,NA,NA,"20221122T190834Z","RELEASE-2023"
"38","0d5bbe92-c4c5-4551-9221-092b17fb6066","D10","ARIK","ARIK.AOS.reach",2016-09-27 14:25:00,2016-09-28 18:00:00,"ARIK.20160927.EPIPHYTON.1","ARIK.20160927.EPIPHYTON.1",NA,"AFDM",0,NA,5,4e-04,NA,NA,1.258,NA,NA,"fieldSampleVolume not recorded",NA,"hschartel@neoninc.org",NA,NA,NA,"20221122T190834Z","RELEASE-2023"
"39","e735de97-e76f-47cf-a66a-3b88143ac4ef","D10","ARIK","ARIK.AOS.reach",2016-09-27 14:25:00,2016-09-28 18:00:00,"ARIK.20160927.EPIPHYTON.4","ARIK.20160927.EPIPHYTON.4",NA,"AFDM",0,NA,5,0.0011,NA,NA,2.2257,NA,NA,"fieldSampleVolume not recorded",NA,"hschartel@neoninc.org",NA,NA,NA,"20221122T190834Z","RELEASE-2023"
"40","4adfdeb2-3e58-419b-9d8d-e798ff61eb4d","D10","ARIK","ARIK.AOS.reach",2016-09-27 14:25:00,2016-09-28 18:00:00,"ARIK.20160927.EPIPHYTON.2","ARIK.20160927.EPIPHYTON.2",NA,"taxonomy",60,NA,NA,NA,NA,NA,NA,"glutaraldehyde",1.2,NA,NA,"hschartel@neoninc.org",NA,NA,NA,"20221122T190834Z","RELEASE-2023"
"41","a0ea3fdd-28d8-4d81-8bbf-2039acde0bed","D10","ARIK","ARIK.AOS.reach",2016-09-27 14:25:00,2016-09-28 18:00:00,"ARIK.20160927.EPIPHYTON.4","ARIK.20160927.EPIPHYTON.4",NA,"taxonomy",60,NA,NA,NA,NA,NA,NA,"glutaraldehyde",1.2,NA,NA,"hschartel@neoninc.org",NA,NA,NA,"20221122T190834Z","RELEASE-2023"
"42","93311a1a-fc39-49d2-bfb7-78457c8a50c6","D10","ARIK","ARIK.AOS.reach",2016-09-27 14:25:00,2016-09-28 18:00:00,"ARIK.20160927.EPIPHYTON.2","ARIK.20160927.EPIPHYTON.2",NA,"AFDM",0,NA,5,2e-04,NA,NA,1.4863,NA,NA,"fieldSampleVolume not recorded",NA,"hschartel@neoninc.org",NA,NA,NA,"20221122T190834Z","RELEASE-2023"
"43","108298f8-9767-4f69-9a15-267c49f373c8","D10","ARIK","ARIK.AOS.reach",2016-09-27 14:25:00,2016-09-28 18:00:00,"ARIK.20160927.EPIPHYTON.3","ARIK.20160927.EPIPHYTON.3",NA,"taxonomy",60,NA,NA,NA,NA,NA,NA,"glutaraldehyde",1.2,NA,NA,"hschartel@neoninc.org",NA,NA,NA,"20221122T190834Z","RELEASE-2023"
"44","d35c70b4-2dd7-4b1d-82cd-c7718ee12e23","D10","ARIK","ARIK.AOS.reach",2016-09-27 14:25:00,2016-09-28 18:00:00,"ARIK.20160927.EPIPHYTON.3","ARIK.20160927.EPIPHYTON.3",NA,"AFDM",0,NA,5,6e-04,NA,NA,4.4226,NA,NA,"fieldSampleVolume not recorded",NA,"hschartel@neoninc.org",NA,NA,NA,"20221122T190834Z","RELEASE-2023"
"45","2de460c6-eaaa-4e8e-9ca1-12bc4ccd8077","D10","ARIK","ARIK.AOS.reach",2016-09-27 14:25:00,2016-09-28 18:00:00,"ARIK.20160927.EPIPHYTON.1","ARIK.20160927.EPIPHYTON.1",NA,"taxonomy",60,NA,NA,NA,NA,NA,NA,"glutaraldehyde",1.2,NA,NA,"hschartel@neoninc.org",NA,NA,NA,"20221122T190834Z","RELEASE-2023"
"46","dba89c86-0deb-459f-b320-be3f428c4164","D10","ARIK","ARIK.AOS.reach",2016-09-27 14:25:00,2016-09-28 18:00:00,"ARIK.20160927.EPIPSAMMON.2","ARIK.20160927.EPIPSAMMON.2",NA,"AFDM",125,NA,2,0.006,NA,NA,NA,NA,NA,NA,NA,"hschartel@neoninc.org","OK",NA,"legacyData","20221122T190834Z","RELEASE-2023"
"47","cffe2b28-2e36-40aa-aad1-e791af259a10","D10","ARIK","ARIK.AOS.reach",2016-09-27 14:25:00,2016-09-28 18:00:00,"ARIK.20160927.EPIPSAMMON.1","ARIK.20160927.EPIPSAMMON.1",NA,"AFDM",125,NA,2,0.0042,NA,NA,NA,NA,NA,NA,NA,"hschartel@neoninc.org","OK",NA,"legacyData","20221122T190834Z","RELEASE-2023"
"48","5edef549-e50d-4f74-bad4-e0ad0d7dacbd","D10","ARIK","ARIK.AOS.S2",2016-09-27 14:25:00,2016-09-28 18:00:00,"ARIK.20160927.SESTON.1","ARIK.20160927.SESTON.1",NA,"AFDM",5000,NA,200,6e-04,NA,NA,NA,NA,NA,NA,NA,"hschartel@neoninc.org","OK",NA,"legacyData","20221122T190834Z","RELEASE-2023"
"49","eddc5540-5e43-4dff-b0d6-1e8538fdc9b4","D10","ARIK","ARIK.AOS.reach",2016-09-27 14:25:00,2016-09-28 18:00:00,"ARIK.20160927.EPIPSAMMON.3","ARIK.20160927.EPIPSAMMON.3",NA,"AFDM",125,NA,2,0.0068,NA,NA,NA,NA,NA,NA,NA,"hschartel@neoninc.org","OK",NA,"legacyData","20221122T190834Z","RELEASE-2023"
"50","d283891c-800c-4ebc-b703-039d4b1cf8bd","D10","ARIK","ARIK.AOS.S2",2016-09-27 14:25:00,2016-09-28 18:00:00,"ARIK.20160927.SESTON.1","ARIK.20160927.SESTON.1",NA,"taxonomy",5000,1000,NA,NA,NA,NA,NA,"Lugol's iodine",20,NA,NA,"hschartel@neoninc.org","OK",NA,"legacyData","20221122T190834Z","RELEASE-2023"
"51","f375ad9d-cfd8-4b04-8ab5-c6445fac09e5","D10","ARIK","ARIK.AOS.reach",2016-09-27 14:25:00,2016-09-28 18:00:00,"ARIK.20160927.EPIPSAMMON.1","ARIK.20160927.EPIPSAMMON.1",NA,"taxonomy",125,60,NA,NA,NA,NA,NA,"glutaraldehyde",1.2,NA,NA,"hschartel@neoninc.org","OK",NA,"legacyData","20221122T190834Z","RELEASE-2023"
"52","b76a18e8-67ee-4d5f-ab17-35945d01a885","D10","ARIK","ARIK.AOS.reach",2016-09-27 14:25:00,2016-09-28 18:00:00,"ARIK.20160927.EPIPSAMMON.2","ARIK.20160927.EPIPSAMMON.2",NA,"taxonomy",125,60,NA,NA,NA,NA,NA,"glutaraldehyde",1.2,NA,NA,"hschartel@neoninc.org","OK",NA,"legacyData","20221122T190834Z","RELEASE-2023"
"53","94e6fb7a-de04-4552-aaea-def946f46ad0","D10","ARIK","ARIK.AOS.reach",2016-09-27 14:25:00,2016-09-28 18:00:00,"ARIK.20160927.EPIPSAMMON.3","ARIK.20160927.EPIPSAMMON.3",NA,"taxonomy",125,60,NA,NA,NA,NA,NA,"glutaraldehyde",1.2,NA,NA,"hschartel@neoninc.org","OK",NA,"legacyData","20221122T190834Z","RELEASE-2023"
"54","053eaa20-281a-4af2-ba36-a42454c2b634","D10","ARIK","ARIK.AOS.reach",2017-03-27 18:01:00,2017-03-28 17:03:00,"ARIK.20170327.EPIPHYTON.3","ARIK.20170327.EPIPHYTON.3",NA,"taxonomy",125,60,NA,NA,NA,NA,NA,"glutaraldehyde",1.2,NA,"Bnance@Battelleecology.org","hschartel@neoninc.org","OK",NA,NA,"20221122T182756Z","RELEASE-2023"
"55","7d73790c-fa61-4f01-9377-aebfcf360f53","D10","ARIK","ARIK.AOS.reach",2017-03-27 18:01:00,2017-03-28 17:03:00,"ARIK.20170327.EPIPHYTON.1","ARIK.20170327.EPIPHYTON.1",NA,"AFDM",125,NA,5,0.0013,2.8,240.57,1.7275,NA,NA,NA,"Bnance@Battelleecology.org","hschartel@neoninc.org","OK",NA,NA,"20221122T182756Z","RELEASE-2023"
"56","9647f738-0dcb-44a8-b11f-0593db7f78a8","D10","ARIK","ARIK.AOS.reach",2017-03-27 18:01:00,2017-03-28 17:03:00,"ARIK.20170327.EPIPHYTON.2","ARIK.20170327.EPIPHYTON.2",NA,"taxonomy",125,60,NA,NA,NA,NA,NA,"glutaraldehyde",1.2,NA,"Bnance@Battelleecology.org","hschartel@neoninc.org","OK",NA,NA,"20221122T182756Z","RELEASE-2023"
"57","53c6afd9-54e9-4ceb-8676-da8bfbe43838","D10","ARIK","ARIK.AOS.reach",2017-03-27 18:01:00,2017-03-28 17:03:00,"ARIK.20170327.EPIPSAMMON.3","ARIK.20170327.EPIPSAMMON.3",NA,"taxonomy",200,60,NA,NA,NA,NA,NA,"glutaraldehyde",1.2,NA,"Bnance@Battelleecology.org","hschartel@neoninc.org","OK",NA,NA,"20221122T182756Z","RELEASE-2023"
"58","ce80904b-3c65-4b20-bdb2-93e98fae46eb","D10","ARIK","ARIK.AOS.reach",2017-03-27 18:01:00,2017-03-28 17:03:00,"ARIK.20170327.EPIPHYTON.2","ARIK.20170327.EPIPHYTON.2",NA,"AFDM",125,NA,5,0.0016,3.11,321.54,1.7402,NA,NA,NA,"Bnance@Battelleecology.org","hschartel@neoninc.org","OK",NA,NA,"20221122T182756Z","RELEASE-2023"
"59","9a547d79-2a30-47b0-b350-b1cc4bd90052","D10","ARIK","ARIK.AOS.reach",2017-03-27 18:01:00,2017-03-28 17:03:00,"ARIK.20170327.EPIPHYTON.4","ARIK.20170327.EPIPHYTON.4",NA,"AFDM",125,NA,5,0.002,3.75,339.97,3.4124,NA,NA,NA,"Bnance@Battelleecology.org","hschartel@neoninc.org","OK",NA,NA,"20221122T182756Z","RELEASE-2023"
"60","9e571325-bb63-4fea-b503-ca8f57806bfa","D10","ARIK","ARIK.AOS.reach",2017-03-27 18:01:00,2017-03-28 17:03:00,"ARIK.20170327.EPIPHYTON.3","ARIK.20170327.EPIPHYTON.3",NA,"AFDM",125,NA,5,0.0012,4.4,383.82,3.4381,NA,NA,NA,"Bnance@Battelleecology.org","hschartel@neoninc.org","OK",NA,NA,"20221122T182756Z","RELEASE-2023"
"61","ad5ba38c-c0f1-4fae-b3e9-69d52929a60c","D10","ARIK","ARIK.AOS.reach",2017-03-27 18:01:00,2017-03-28 17:03:00,"ARIK.20170327.EPIPHYTON.5","ARIK.20170327.EPIPHYTON.5",NA,"taxonomy",125,60,NA,NA,NA,NA,NA,"glutaraldehyde",1.2,NA,"Bnance@Battelleecology.org","hschartel@neoninc.org","OK",NA,NA,"20221122T182756Z","RELEASE-2023"
"62","790acf42-7997-4ac7-8238-634760baae25","D10","ARIK","ARIK.AOS.reach",2017-03-27 18:01:00,2017-03-28 17:03:00,"ARIK.20170327.EPIPHYTON.1","ARIK.20170327.EPIPHYTON.1",NA,"taxonomy",125,60,NA,NA,NA,NA,NA,"glutaraldehyde",1.2,NA,"Bnance@Battelleecology.org","hschartel@neoninc.org","OK",NA,NA,"20221122T182756Z","RELEASE-2023"
"63","ef531bb0-a510-45f4-8295-2f2ccf029ec0","D10","ARIK","ARIK.AOS.reach",2017-03-27 18:01:00,2017-03-28 17:03:00,"ARIK.20170327.EPIPHYTON.5","ARIK.20170327.EPIPHYTON.5",NA,"AFDM",125,NA,10,0.0016,2.04,181.27,1.8432,NA,NA,NA,"Bnance@Battelleecology.org","hschartel@neoninc.org","OK",NA,NA,"20221122T182756Z","RELEASE-2023"
"64","7d51518e-6a9c-45b5-af3d-904a1121d4a9","D10","ARIK","ARIK.AOS.reach",2017-03-27 18:01:00,2017-03-28 17:03:00,"ARIK.20170327.EPIPHYTON.4","ARIK.20170327.EPIPHYTON.4",NA,"taxonomy",125,60,NA,NA,NA,NA,NA,"glutaraldehyde",1.2,NA,"Bnance@Battelleecology.org","hschartel@neoninc.org","OK",NA,NA,"20221122T182756Z","RELEASE-2023"
"65","03ec10be-b14a-47b4-aad6-0961afdbaea6","D10","ARIK","ARIK.AOS.reach",2017-03-27 18:01:00,2017-03-28 17:03:00,"ARIK.20170327.EPIPSAMMON.1","ARIK.20170327.EPIPSAMMON.1",NA,"AFDM",125,NA,3,0.0021,NA,NA,NA,NA,NA,NA,"Bnance@Battelleecology.org","hschartel@neoninc.org","OK",NA,NA,"20221122T182756Z","RELEASE-2023"
"66","968dbdbf-6fca-4ade-834f-d487cb998911","D10","ARIK","ARIK.AOS.reach",2017-03-27 18:01:00,2017-03-28 17:03:00,"ARIK.20170327.EPIPSAMMON.2","ARIK.20170327.EPIPSAMMON.2",NA,"AFDM",200,NA,5,0.01,NA,NA,NA,NA,NA,NA,"Bnance@Battelleecology.org","hschartel@neoninc.org","OK",NA,NA,"20221122T182756Z","RELEASE-2023"
"67","c2f6ff6e-3e3c-4e6d-8ae4-7000138fdc3b","D10","ARIK","ARIK.AOS.reach",2017-03-27 18:01:00,2017-03-28 17:03:00,"ARIK.20170327.EPIPSAMMON.1","ARIK.20170327.EPIPSAMMON.1",NA,"taxonomy",125,60,NA,NA,NA,NA,NA,"glutaraldehyde",1.2,NA,"Bnance@Battelleecology.org","hschartel@neoninc.org","OK",NA,NA,"20221122T182756Z","RELEASE-2023"
"68","90c9440c-a19f-433e-81f3-312d0aa0c6f7","D10","ARIK","ARIK.AOS.S2",2017-03-27 18:01:00,2017-03-28 17:03:00,"ARIK.20170327.SESTON.1","ARIK.20170327.SESTON.1",NA,"taxonomy",5000,1000,NA,NA,NA,NA,NA,"Lugol's iodine",20,NA,"Bnance@Battelleecology.org","hschartel@neoninc.org","OK",NA,NA,"20221122T182756Z","RELEASE-2023"
"69","34717b15-341f-4b27-862c-a7908afc5def","D10","ARIK","ARIK.AOS.S2",2017-03-27 18:01:00,2017-03-28 17:03:00,"ARIK.20170327.SESTON.1","ARIK.20170327.SESTON.1",NA,"AFDM",5000,NA,250,1e-04,NA,NA,NA,NA,NA,NA,"Bnance@Battelleecology.org","hschartel@neoninc.org","OK",NA,NA,"20221122T182756Z","RELEASE-2023"
"70","5186ed39-d2d6-4ff1-8b50-845cb8923ec7","D10","ARIK","ARIK.AOS.reach",2017-03-27 18:01:00,2017-03-28 17:03:00,"ARIK.20170327.EPIPSAMMON.2","ARIK.20170327.EPIPSAMMON.2",NA,"taxonomy",200,60,NA,NA,NA,NA,NA,"glutaraldehyde",1.2,NA,"Bnance@Battelleecology.org","hschartel@neoninc.org","OK",NA,NA,"20221122T182756Z","RELEASE-2023"
"71","15dccd08-1ca5-42c0-9cb1-37d0094d6106","D10","ARIK","ARIK.AOS.reach",2017-03-27 18:01:00,2017-03-28 17:03:00,"ARIK.20170327.EPIPSAMMON.3","ARIK.20170327.EPIPSAMMON.3",NA,"AFDM",200,NA,5,0.0037,NA,NA,NA,NA,NA,NA,"Bnance@Battelleecology.org","hschartel@neoninc.org","OK",NA,NA,"20221122T182756Z","RELEASE-2023"
"72","3e96f644-776c-4b2c-bd35-0ad93f329395","D10","ARIK","ARIK.AOS.reach",2017-07-18 17:09:00,2017-07-19 19:54:00,"ARIK.20170718.EPIPHYTON.3","ARIK.20170718.EPIPHYTON.3",NA,"taxonomy",250,60,NA,NA,NA,NA,NA,"glutaraldehyde",1.2,NA,"Bnance@battelleecology.org","hschartel@neoninc.org","OK",NA,NA,"20221122T184816Z","RELEASE-2023"
"73","85f4b95d-81fb-4bdf-bbfb-354fba4e1172","D10","ARIK","ARIK.AOS.reach",2017-07-18 17:09:00,2017-07-19 19:26:00,"ARIK.20170718.EPIPHYTON.1","ARIK.20170718.EPIPHYTON.1",NA,"AFDM",250,NA,12,7e-04,1.31,NA,1.0461,NA,NA,NA,"Bnance@battelleecology.org","hschartel@neoninc.org","OK",NA,NA,"20221122T184816Z","RELEASE-2023"
"74","8ee0345c-b8a0-4dff-9c75-4ada395cc4d7","D10","ARIK","ARIK.AOS.reach",2017-07-18 17:09:00,2017-07-19 19:26:00,"ARIK.20170718.EPIPHYTON.1","ARIK.20170718.EPIPHYTON.1",NA,"taxonomy",250,60,NA,NA,NA,NA,NA,"glutaraldehyde",1.2,NA,"Bnance@battelleecology.org","hschartel@neoninc.org","OK",NA,NA,"20221122T184816Z","RELEASE-2023"
"75","394221a7-166d-409c-a6b2-395c2b3e8418","D10","ARIK","ARIK.AOS.reach",2017-07-18 17:09:00,2017-07-19 20:27:00,"ARIK.20170718.EPIPHYTON.4","ARIK.20170718.EPIPHYTON.4",NA,"taxonomy",250,60,NA,NA,NA,NA,NA,"glutaraldehyde",1.2,NA,"Bnance@battelleecology.org","hschartel@neoninc.org","OK",NA,NA,"20221122T184816Z","RELEASE-2023"
"76","c5538490-31b0-4cc0-aad6-383084aece03","D10","ARIK","ARIK.AOS.reach",2017-07-18 17:09:00,2017-07-19 20:49:00,"ARIK.20170718.EPIPHYTON.5","ARIK.20170718.EPIPHYTON.5",NA,"AFDM",250,NA,8,0.0019,2.48,NA,0.8536,NA,NA,NA,"Bnance@battelleecology.org","hschartel@neoninc.org","OK",NA,NA,"20221122T184816Z","RELEASE-2023"
"77","74454aa3-fc39-4d6e-9c55-4a6a8421e81b","D10","ARIK","ARIK.AOS.reach",2017-07-18 17:09:00,2017-07-19 17:32:00,"ARIK.20170718.EPIPSAMMON.2","ARIK.20170718.EPIPSAMMON.2",NA,"AFDM",125,NA,4,0.0133,NA,NA,NA,NA,NA,NA,"Bnance@battelleecology.org","hschartel@neoninc.org","OK",NA,NA,"20221122T184816Z","RELEASE-2023"
"78","52d8ad94-439d-43c2-bb7b-5c153fbd5451","D10","ARIK","ARIK.AOS.reach",2017-07-18 17:09:00,2017-07-19 20:49:00,"ARIK.20170718.EPIPHYTON.5","ARIK.20170718.EPIPHYTON.5",NA,"taxonomy",250,60,NA,NA,NA,NA,NA,"glutaraldehyde",1.2,NA,"Bnance@battelleecology.org","hschartel@neoninc.org","OK",NA,NA,"20221122T184816Z","RELEASE-2023"
"79","875c1da2-fa54-4e34-b24c-94174862430b","D10","ARIK","ARIK.AOS.reach",2017-07-18 17:09:00,2017-07-19 20:27:00,"ARIK.20170718.EPIPHYTON.4","ARIK.20170718.EPIPHYTON.4",NA,"AFDM",250,NA,8,9e-04,4.95,NA,1.0261,NA,NA,NA,"Bnance@battelleecology.org","hschartel@neoninc.org","OK",NA,NA,"20221122T184816Z","RELEASE-2023"
"80","4d4d7764-21db-41ff-a432-51e73c4e2aa1","D10","ARIK","ARIK.AOS.reach",2017-07-18 17:09:00,2017-07-19 16:49:00,"ARIK.20170718.EPIPSAMMON.1","ARIK.20170718.EPIPSAMMON.1",NA,"taxonomy",125,60,NA,NA,NA,NA,NA,"glutaraldehyde",1.2,NA,"Bnance@battelleecology.org","hschartel@neoninc.org","OK",NA,NA,"20221122T184816Z","RELEASE-2023"
"81","9f28759c-9747-43b2-9420-eb9a4feceab6","D10","ARIK","ARIK.AOS.S2",2017-07-18 17:09:00,2017-07-19 15:58:00,"ARIK.20170718.SESTON.1","ARIK.20170718.SESTON.1",NA,"AFDM",5000,NA,250,9e-04,NA,NA,NA,NA,NA,NA,"Bnance@battelleecology.org","hschartel@neoninc.org","OK",NA,NA,"20221122T184816Z","RELEASE-2023"
"82","9487dfd9-dd0a-4bf3-a9ad-25d7e30b6a92","D10","ARIK","ARIK.AOS.reach",2017-07-18 17:09:00,2017-07-19 17:32:00,"ARIK.20170718.EPIPSAMMON.2","ARIK.20170718.EPIPSAMMON.2",NA,"taxonomy",125,60,NA,NA,NA,NA,NA,"glutaraldehyde",1.2,NA,"Bnance@battelleecology.org","hschartel@neoninc.org","OK",NA,NA,"20221122T184816Z","RELEASE-2023"
"83","8f9a8cc1-64f1-487e-ae63-d8a06757d177","D10","ARIK","ARIK.AOS.S2",2017-07-18 17:09:00,2017-07-19 15:58:00,"ARIK.20170718.SESTON.1","ARIK.20170718.SESTON.1",NA,"taxonomy",5000,1000,NA,NA,NA,NA,NA,"Lugol's iodine",20,NA,"Bnance@battelleecology.org","hschartel@neoninc.org","OK",NA,NA,"20221122T184816Z","RELEASE-2023"
"84","08d5b5c9-e02b-4249-950e-97fa3a3e1cba","D10","ARIK","ARIK.AOS.reach",2017-07-18 17:09:00,2017-07-19 17:53:00,"ARIK.20170718.EPIPSAMMON.3","ARIK.20170718.EPIPSAMMON.3",NA,"AFDM",125,NA,2,0.0073,NA,NA,NA,NA,NA,NA,"Bnance@battelleecology.org","hschartel@neoninc.org","OK",NA,NA,"20221122T184816Z","RELEASE-2023"
"85","02590fbe-1753-4a25-8dd3-70e3925004eb","D10","ARIK","ARIK.AOS.reach",2017-07-18 17:09:00,2017-07-19 16:49:00,"ARIK.20170718.EPIPSAMMON.1","ARIK.20170718.EPIPSAMMON.1",NA,"AFDM",125,NA,2,0.002,NA,NA,NA,NA,NA,NA,"Bnance@battelleecology.org","hschartel@neoninc.org","OK",NA,NA,"20221122T184816Z","RELEASE-2023"
"86","975ce06b-ff81-4034-b30a-d941b9a1313f","D10","ARIK","ARIK.AOS.reach",2017-07-18 17:09:00,2017-07-19 19:32:00,"ARIK.20170718.EPIPHYTON.2","ARIK.20170718.EPIPHYTON.2",NA,"taxonomy",125,60,NA,NA,NA,NA,NA,"glutaraldehyde",1.2,NA,"Bnance@battelleecology.org","hschartel@neoninc.org","OK",NA,NA,"20221122T184816Z","RELEASE-2023"
"87","cb197952-c3bd-4667-a624-b627554a1398","D10","ARIK","ARIK.AOS.reach",2017-07-18 17:09:00,2017-07-19 19:54:00,"ARIK.20170718.EPIPHYTON.3","ARIK.20170718.EPIPHYTON.3",NA,"AFDM",250,NA,8,1e-04,1.17,NA,0.5421,NA,NA,NA,"Bnance@battelleecology.org","hschartel@neoninc.org","OK",NA,NA,"20221122T184816Z","RELEASE-2023"
"88","0e09f87d-2328-42f6-9ec5-90326b4441a7","D10","ARIK","ARIK.AOS.reach",2017-07-18 17:09:00,2017-07-19 19:32:00,"ARIK.20170718.EPIPHYTON.2","ARIK.20170718.EPIPHYTON.2",NA,"AFDM",125,NA,12,7e-04,3.39,NA,1.0574,NA,NA,NA,"Bnance@battelleecology.org","hschartel@neoninc.org","OK",NA,NA,"20221122T184816Z","RELEASE-2023"
"89","c24981b2-968b-4d81-8616-747883d1b496","D10","ARIK","ARIK.AOS.reach",2017-07-18 17:09:00,2017-07-19 17:53:00,"ARIK.20170718.EPIPSAMMON.3","ARIK.20170718.EPIPSAMMON.3",NA,"taxonomy",125,60,NA,NA,NA,NA,NA,"glutaraldehyde",1.2,NA,"Bnance@battelleecology.org","hschartel@neoninc.org","OK",NA,NA,"20221122T184816Z","RELEASE-2023"
"90","9760545c-7f8c-4cdd-acd4-4fdc496a9ba0","D10","ARIK","ARIK.AOS.S2",2017-10-12 15:06:00,2017-10-13 21:42:00,"ARIK.20171012.SESTON.1","ARIK.20171012.SESTON.1",NA,"taxonomy",5000,1000,NA,NA,NA,NA,NA,"Lugol's iodine",20,NA,"Rshowalter@battelleecology.org","dyoung@battelleecology.org","OK",NA,NA,"20221122T192525Z","RELEASE-2023"
"91","dc75cb26-abb5-42e0-b99c-951963c02826","D10","ARIK","ARIK.AOS.reach",2017-10-12 15:06:00,2017-10-13 21:16:00,"ARIK.20171012.EPIPHYTON.5","ARIK.20171012.EPIPHYTON.5",NA,"taxonomy",250,60,NA,NA,NA,NA,NA,"glutaraldehyde",1.2,NA,"Rshowalter@battelleecology.org","dyoung@battelleecology.org","OK",NA,NA,"20221122T192525Z","RELEASE-2023"
"92","f730c741-32d8-4318-9836-6421a6ff72cc","D10","ARIK","ARIK.AOS.reach",2017-10-12 15:06:00,2017-10-13 20:38:00,"ARIK.20171012.EPIPHYTON.2","ARIK.20171012.EPIPHYTON.2",NA,"taxonomy",250,60,NA,NA,NA,NA,NA,"glutaraldehyde",1.2,NA,"Rshowalter@battelleecology.org","dyoung@battelleecology.org","OK",NA,NA,"20221122T192525Z","RELEASE-2023"
"93","9d23d7cd-5747-4156-b3b4-230ad217dc38","D10","ARIK","ARIK.AOS.reach",2017-10-12 15:06:00,2017-10-13 18:02:00,"ARIK.20171012.EPIPSAMMON.1","ARIK.20171012.EPIPSAMMON.1",NA,"taxonomy",125,60,NA,NA,NA,NA,NA,"glutaraldehyde",1.2,NA,"Rshowalter@battelleecology.org","dyoung@battelleecology.org","OK",NA,NA,"20221122T192525Z","RELEASE-2023"
"94","a710bec8-c3bc-4fa8-9362-70f0a5e8ae55","D10","ARIK","ARIK.AOS.reach",2017-10-12 15:06:00,2017-10-13 21:05:00,"ARIK.20171012.EPIPHYTON.4","ARIK.20171012.EPIPHYTON.4",NA,"taxonomy",125,60,NA,NA,NA,NA,NA,"glutaraldehyde",1.2,NA,"Rshowalter@battelleecology.org","dyoung@battelleecology.org","OK",NA,NA,"20221122T192525Z","RELEASE-2023"
"95","26d2999c-7e09-45e4-84d2-3286e56be7f1","D10","ARIK","ARIK.AOS.reach",2017-10-12 15:06:00,2017-10-13 20:54:00,"ARIK.20171012.EPIPHYTON.3","ARIK.20171012.EPIPHYTON.3",NA,"taxonomy",125,60,NA,NA,NA,NA,NA,"glutaraldehyde",1.2,NA,"Rshowalter@battelleecology.org","dyoung@battelleecology.org","OK",NA,NA,"20221122T192525Z","RELEASE-2023"
"96","1bc40bf5-0822-4c5c-a7d7-f80c8387a4b8","D10","ARIK","ARIK.AOS.reach",2017-10-12 15:06:00,2017-10-13 19:45:00,"ARIK.20171012.EPIPHYTON.1","ARIK.20171012.EPIPHYTON.1",NA,"taxonomy",250,60,NA,NA,NA,NA,NA,"glutaraldehyde",1.2,NA,"Rshowalter@battelleecology.org","Jswenson@battelleecology.org","OK",NA,NA,"20221122T192525Z","RELEASE-2023"
"97","2e4f2669-ca5a-40ce-802d-4dbc260d97a1","D10","ARIK","ARIK.AOS.reach",2017-10-12 15:06:00,2017-10-13 18:02:00,"ARIK.20171012.EPIPSAMMON.1","ARIK.20171012.EPIPSAMMON.1",NA,"AFDM",125,NA,2,0.005,NA,NA,NA,NA,NA,NA,"Rshowalter@battelleecology.org","dyoung@battelleecology.org","OK",NA,NA,"20221122T192525Z","RELEASE-2023"
"98","e2b554f1-08cc-4095-acb4-b3a096a9ca36","D10","ARIK","ARIK.AOS.reach",2017-10-12 15:06:00,2017-10-13 20:38:00,"ARIK.20171012.EPIPHYTON.2","ARIK.20171012.EPIPHYTON.2",NA,"AFDM",250,NA,10,0.0067,NA,1494.65,2.3981,NA,NA,NA,"Rshowalter@battelleecology.org","dyoung@battelleecology.org","OK",NA,NA,"20221122T192525Z","RELEASE-2023"
"99","beaec567-d49a-4914-a203-e7efcb0bdfda","D10","ARIK","ARIK.AOS.reach",2017-10-12 15:06:00,2017-10-13 19:08:00,"ARIK.20171012.EPIPSAMMON.3","ARIK.20171012.EPIPSAMMON.3",NA,"taxonomy",125,60,NA,NA,NA,NA,NA,"glutaraldehyde",1.2,NA,"Rshowalter@battelleecology.org","dyoung@battelleecology.org","OK",NA,NA,"20221122T192525Z","RELEASE-2023"
"100","2ac7292c-f3f6-44f4-ba33-453865c7a719","D10","ARIK","ARIK.AOS.reach",2017-10-12 15:06:00,2017-10-13 18:39:00,"ARIK.20171012.EPIPSAMMON.2","ARIK.20171012.EPIPSAMMON.2",NA,"AFDM",125,NA,2,0.0152,NA,NA,NA,NA,NA,NA,"Rshowalter@battelleecology.org","dyoung@battelleecology.org","OK",NA,NA,"20221122T192525Z","RELEASE-2023"
"101","b9ee503a-7439-4541-b3bc-f339edd750fb","D10","ARIK","ARIK.AOS.reach",2017-10-12 15:06:00,2017-10-13 20:54:00,"ARIK.20171012.EPIPHYTON.3","ARIK.20171012.EPIPHYTON.3",NA,"AFDM",125,NA,10,0.0033,NA,2599.35,2.8541,NA,NA,NA,"Rshowalter@battelleecology.org","dyoung@battelleecology.org","OK",NA,NA,"20221122T192525Z","RELEASE-2023"
"102","c0483e13-074f-4b28-97ae-a6f5097d87a8","D10","ARIK","ARIK.AOS.reach",2017-10-12 15:06:00,2017-10-13 19:08:00,"ARIK.20171012.EPIPSAMMON.3","ARIK.20171012.EPIPSAMMON.3",NA,"AFDM",125,NA,2,0.0061,NA,NA,NA,NA,NA,NA,"Rshowalter@battelleecology.org","dyoung@battelleecology.org","OK",NA,NA,"20221122T192525Z","RELEASE-2023"
"103","120a630c-cacf-4733-ad73-fb2998b759d1","D10","ARIK","ARIK.AOS.S2",2017-10-12 15:06:00,2017-10-13 21:42:00,"ARIK.20171012.SESTON.1","ARIK.20171012.SESTON.1",NA,"AFDM",5000,NA,200,0.0045,NA,NA,NA,NA,NA,NA,"Rshowalter@battelleecology.org","dyoung@battelleecology.org","OK",NA,NA,"20221122T192525Z","RELEASE-2023"
"104","b952953c-240c-47ef-a5a6-aac6064138b8","D10","ARIK","ARIK.AOS.reach",2017-10-12 15:06:00,2017-10-13 18:39:00,"ARIK.20171012.EPIPSAMMON.2","ARIK.20171012.EPIPSAMMON.2",NA,"taxonomy",125,60,NA,NA,NA,NA,NA,"glutaraldehyde",1.2,NA,"Rshowalter@battelleecology.org","dyoung@battelleecology.org","OK",NA,NA,"20221122T192525Z","RELEASE-2023"
"105","8b477d07-358c-42f3-85f2-d30199560d41","D10","ARIK","ARIK.AOS.reach",2017-10-12 15:06:00,2017-10-13 21:16:00,"ARIK.20171012.EPIPHYTON.5","ARIK.20171012.EPIPHYTON.5",NA,"AFDM",250,NA,8,0.0053,NA,NA,2.3981,NA,NA,NA,"Rshowalter@battelleecology.org","dyoung@battelleecology.org","OK",NA,NA,"20221122T192525Z","RELEASE-2023"
"106","76f40bd2-676e-4212-aac7-36b4ae393a78","D10","ARIK","ARIK.AOS.reach",2017-10-12 15:06:00,2017-10-13 21:05:00,"ARIK.20171012.EPIPHYTON.4","ARIK.20171012.EPIPHYTON.4",NA,"AFDM",125,NA,8,0.0049,NA,2469.61,2.6684,NA,NA,NA,"Rshowalter@battelleecology.org","dyoung@battelleecology.org","OK",NA,NA,"20221122T192525Z","RELEASE-2023"
"107","b605eafa-975f-4b9c-bb29-71a4ef53c44d","D10","ARIK","ARIK.AOS.reach",2017-10-12 15:06:00,2017-10-13 19:45:00,"ARIK.20171012.EPIPHYTON.1","ARIK.20171012.EPIPHYTON.1",NA,"AFDM",250,NA,8,0.0038,NA,2667.37,1.9142,NA,NA,NA,"Rshowalter@battelleecology.org","Jswenson@battelleecology.org","OK",NA,NA,"20221122T192525Z","RELEASE-2023"
"108","71fe5f38-86d0-49de-81f1-1529f530feba","D10","ARIK","ARIK.AOS.reach",2018-03-27 15:26:00,2018-03-28 19:48:00,"ARIK.20180327.EPIPSAMMON.2","ARIK.20180327.EPIPSAMMON.2.AFDM.1",NA,"AFDM",125,NA,8,0.0023,NA,NA,NA,NA,NA,NA,"Bnance@Battelleecology.org","Hschartel@battelleecology.org","OK",NA,NA,"20221128T171613Z","RELEASE-2023"
"109","c20a430c-2e34-4bf2-b675-c0089a7023ad","D10","ARIK","ARIK.AOS.reach",2018-03-27 15:26:00,2018-03-28 16:30:00,"ARIK.20180327.EPIPHYTON.4","ARIK.20180327.EPIPHYTON.4.TAXONOMY",NA,"taxonomy",125,60,NA,NA,NA,NA,NA,"glutaraldehyde",1.2,NA,"Bnance@Battelleecology.org","Hschartel@battelleecology.org","OK",NA,NA,"20221128T171613Z","RELEASE-2023"
"110","aeacb92f-93d3-48d9-9cee-a6b02746c96b","D10","ARIK","ARIK.AOS.reach",2018-03-27 15:26:00,2018-03-28 19:48:00,"ARIK.20180327.EPIPSAMMON.2","ARIK.20180327.EPIPSAMMON.2.TAXONOMY",NA,"taxonomy",125,60,NA,NA,NA,NA,NA,"glutaraldehyde",1.2,NA,"Bnance@Battelleecology.org","Hschartel@battelleecology.org","OK",NA,NA,"20221128T171613Z","RELEASE-2023"
"111","b10de699-9b6a-48aa-ac63-99275f4ba802","D10","ARIK","ARIK.AOS.reach",2018-03-27 15:26:00,2018-03-28 16:30:00,"ARIK.20180327.EPIPHYTON.3","ARIK.20180327.EPIPHYTON.3.AFDM.1",NA,"AFDM",164,NA,10,0.0014,0.36,582,0.1932,NA,NA,NA,"Bnance@Battelleecology.org","Hschartel@battelleecology.org","OK",NA,NA,"20221128T171613Z","RELEASE-2023"
"112","d890a492-e4dd-4380-b7fa-67aa6e98be33","D10","ARIK","ARIK.AOS.reach",2018-03-27 15:26:00,2018-03-28 16:30:00,"ARIK.20180327.EPIPHYTON.4","ARIK.20180327.EPIPHYTON.4.AFDM.1",NA,"AFDM",125,NA,10,7e-04,0.35,390,0.3539,NA,NA,NA,"Bnance@Battelleecology.org","Hschartel@battelleecology.org","OK",NA,NA,"20221128T171613Z","RELEASE-2023"
"113","382aa853-baea-4e87-a02b-caadb2b0c983","D10","ARIK","ARIK.AOS.reach",2018-03-27 15:26:00,2018-03-28 15:15:00,"ARIK.20180327.EPIPHYTON.1","ARIK.20180327.EPIPHYTON.1.AFDM.1",NA,"AFDM",125,NA,10,0.0011,0.44,420,0.4065,NA,NA,NA,"Bnance@Battelleecology.org","Hschartel@battelleecology.org","OK",NA,NA,"20221128T171613Z","RELEASE-2023"
"114","399e19e4-756e-4cec-ba62-dc56451ac248","D10","ARIK","ARIK.AOS.reach",2018-03-27 15:26:00,2018-03-28 15:15:00,"ARIK.20180327.EPIPHYTON.1","ARIK.20180327.EPIPHYTON.1.TAXONOMY",NA,"taxonomy",125,60,NA,NA,NA,NA,NA,"glutaraldehyde",1.2,NA,"Bnance@Battelleecology.org","Hschartel@battelleecology.org","OK",NA,NA,"20221128T171613Z","RELEASE-2023"
"115","fa057fb1-21f5-4aec-9e7e-eaa0388ecd7d","D10","ARIK","ARIK.AOS.reach",2018-03-27 15:26:00,2018-03-28 17:02:00,"ARIK.20180327.EPIPHYTON.5","ARIK.20180327.EPIPHYTON.5.AFDM.1",NA,"AFDM",125,NA,10,0.0011,0.45,286,0.3679,NA,NA,NA,"Bnance@Battelleecology.org","Hschartel@battelleecology.org","OK",NA,NA,"20221128T171613Z","RELEASE-2023"
"116","bba7309d-9902-421a-9c94-23e66ee7c1a4","D10","ARIK","ARIK.AOS.reach",2018-03-27 15:26:00,2018-03-28 20:07:00,"ARIK.20180327.EPIPSAMMON.3","ARIK.20180327.EPIPSAMMON.3.TAXONOMY",NA,"taxonomy",125,60,NA,NA,NA,NA,NA,"glutaraldehyde",1.2,NA,"Bnance@Battelleecology.org","Hschartel@battelleecology.org","OK",NA,NA,"20221128T171613Z","RELEASE-2023"
"117","938f47cf-88b8-4e40-92b2-9b03fca4c6c0","D10","ARIK","ARIK.AOS.reach",2018-03-27 15:26:00,2018-03-28 20:07:00,"ARIK.20180327.EPIPSAMMON.3","ARIK.20180327.EPIPSAMMON.3.AFDM.1",NA,"AFDM",125,NA,8,0.0026,NA,NA,NA,NA,NA,NA,"Bnance@Battelleecology.org","Hschartel@battelleecology.org","OK",NA,NA,"20221128T171613Z","RELEASE-2023"
"118","e71e515e-f453-4c43-b498-5dbe67ccaf83","D10","ARIK","ARIK.AOS.reach",2018-03-27 15:26:00,2018-03-28 15:15:00,"ARIK.20180327.EPIPHYTON.2","ARIK.20180327.EPIPHYTON.2.AFDM.1",NA,"AFDM",125,NA,10,8e-04,0.45,320,0.3759,NA,NA,NA,"Hschartel@battelleecology.org","Hschartel@battelleecology.org","OK",NA,NA,"20221128T171613Z","RELEASE-2023"
"119","ceef9ee1-7361-4a89-ace8-07776efa268e","D10","ARIK","ARIK.AOS.reach",2018-03-27 15:26:00,2018-03-28 19:03:00,"ARIK.20180327.EPIPSAMMON.1","ARIK.20180327.EPIPSAMMON.1.TAXONOMY",NA,"taxonomy",125,60,NA,NA,NA,NA,NA,"glutaraldehyde",1.2,NA,"Bnance@Battelleecology.org","Hschartel@battelleecology.org","OK",NA,NA,"20221128T171613Z","RELEASE-2023"
"120","45460a4b-5626-4319-a2be-be617f87b368","D10","ARIK","ARIK.AOS.reach",2018-03-27 15:26:00,2018-03-28 16:30:00,"ARIK.20180327.EPIPHYTON.3","ARIK.20180327.EPIPHYTON.3.TAXONOMY",NA,"taxonomy",164,60,NA,NA,NA,NA,NA,"glutaraldehyde",1.2,NA,"Bnance@Battelleecology.org","Hschartel@battelleecology.org","OK",NA,NA,"20221128T171613Z","RELEASE-2023"
"121","892eafc1-1a02-427e-bad4-4e2e40142407","D10","ARIK","ARIK.AOS.reach",2018-03-27 15:26:00,2018-03-28 15:15:00,"ARIK.20180327.EPIPHYTON.2","ARIK.20180327.EPIPHYTON.2.TAXONOMY",NA,"taxonomy",125,52,NA,NA,NA,NA,NA,"glutaraldehyde",1.2,NA,"Hschartel@battelleecology.org","Hschartel@battelleecology.org","OK",NA,NA,"20221128T171613Z","RELEASE-2023"
"122","45f03cc6-5efc-4cda-af75-85e42e00664d","D10","ARIK","ARIK.AOS.S2",2018-03-27 15:26:00,2018-03-28 18:30:00,"ARIK.20180327.SESTON.1","ARIK.20180327.SESTON.1.AFDM.1",NA,"AFDM",3000,NA,350,1e-04,NA,NA,NA,NA,NA,NA,"Bnance@Battelleecology.org","Hschartel@battelleecology.org","OK",NA,NA,"20221128T171613Z","RELEASE-2023"
"123","84fe625e-8a94-4300-8011-da3e6ba72ab3","D10","ARIK","ARIK.AOS.reach",2018-03-27 15:26:00,2018-03-28 17:02:00,"ARIK.20180327.EPIPHYTON.5","ARIK.20180327.EPIPHYTON.5.TAXONOMY",NA,"taxonomy",125,60,NA,NA,NA,NA,NA,"glutaraldehyde",1.2,NA,"Bnance@Battelleecology.org","Hschartel@battelleecology.org","OK",NA,NA,"20221128T171613Z","RELEASE-2023"
"124","b08d459b-b112-49d1-a685-ea496dd52b94","D10","ARIK","ARIK.AOS.reach",2018-03-27 15:26:00,2018-03-28 19:03:00,"ARIK.20180327.EPIPSAMMON.1","ARIK.20180327.EPIPSAMMON.1.AFDM.1",NA,"AFDM",125,NA,5,0.0024,NA,NA,NA,NA,NA,NA,"Bnance@Battelleecology.org","Hschartel@battelleecology.org","OK",NA,NA,"20221128T171613Z","RELEASE-2023"
"125","0e814cf6-25df-4f7d-a5fd-6d2da2d2997b","D10","ARIK","ARIK.AOS.reach",2018-07-18 13:57:00,2018-07-19 15:21:00,"ARIK.20180718.EPIPSAMMON.1","ARIK.20180718.EPIPSAMMON.1.TAXONOMY","A00000019344","taxonomy",126,60,NA,NA,NA,NA,NA,"glutaraldehyde",1.2,NA,"Hschartel@battelleecology.org","Bnance@Battelleecology.org","OK",NA,NA,"20221128T165258Z","RELEASE-2023"
"126","6fd30f14-a642-4855-9836-13e5026d4d29","D10","ARIK","ARIK.AOS.reach",2018-07-18 13:57:00,2018-07-19 17:19:00,"ARIK.20180718.EPIPHYTON.3","ARIK.20180718.EPIPHYTON.3.TAXONOMY","A00000019359","taxonomy",125,60,NA,NA,NA,NA,NA,"glutaraldehyde",1.2,NA,"Bnance@Battelleecology.org","Jswenson@battelleecology.org","OK",NA,NA,"20221128T165258Z","RELEASE-2023"
"127","e4625b19-c93d-4384-9302-0f4907812140","D10","ARIK","ARIK.AOS.reach",2018-07-18 13:57:00,2018-07-19 14:56:00,"ARIK.20180718.EPIPHYTON.1","ARIK.20180718.EPIPHYTON.1.TAXONOMY","A00000019360","taxonomy",125,60,NA,NA,NA,NA,NA,"glutaraldehyde",1.2,NA,"Bnance@Battelleecology.org","Hschartel@battelleecology.org","OK",NA,NA,"20221128T165258Z","RELEASE-2023"
"128","3519433d-3512-4b32-8a80-8e1ed68a03d9","D10","ARIK","ARIK.AOS.reach",2018-07-18 13:57:00,2018-07-19 17:05:00,"ARIK.20180718.EPIPHYTON.2","ARIK.20180718.EPIPHYTON.2.AFDM.1",NA,"AFDM",125,NA,10,0.001,0.72,187.68,0.306,NA,NA,NA,"Bnance@Battelleecology.org","Jswenson@battelleecology.org","OK",NA,NA,"20221128T165258Z","RELEASE-2023"
"129","8bdb7f7c-5289-4d28-ac22-b431525bf5e8","D10","ARIK","ARIK.AOS.reach",2018-07-18 13:57:00,2018-07-19 15:23:00,"ARIK.20180718.EPIPSAMMON.2","ARIK.20180718.EPIPSAMMON.2.AFDM.1",NA,"AFDM",125,NA,2,0.0107,NA,NA,NA,NA,NA,NA,"Hschartel@battelleecology.org","Bnance@Battelleecology.org","OK",NA,NA,"20221128T165258Z","RELEASE-2023"
"130","e3c0d5fc-e7bf-444c-b15b-073ca59fa792","D10","ARIK","ARIK.AOS.reach",2018-07-18 13:57:00,2018-07-19 17:19:00,"ARIK.20180718.EPIPHYTON.3","ARIK.20180718.EPIPHYTON.3.AFDM.1",NA,"AFDM",125,NA,10,0.0014,1.5,168.89,0.432,NA,NA,NA,"Bnance@Battelleecology.org","Jswenson@battelleecology.org","OK",NA,NA,"20221128T165258Z","RELEASE-2023"
"131","def55de1-6b95-405c-b888-4440d22138f8","D10","ARIK","ARIK.AOS.reach",2018-07-18 13:57:00,2018-07-19 15:24:00,"ARIK.20180718.EPIPSAMMON.3","ARIK.20180718.EPIPSAMMON.3.TAXONOMY","A00000019362","taxonomy",125,60,NA,NA,NA,NA,NA,"glutaraldehyde",1.2,NA,"Bnance@Battelleecology.org","Hschartel@battelleecology.org","OK",NA,NA,"20221128T165258Z","RELEASE-2023"
"132","e7e3c814-e700-436b-b3ad-309039bc876d","D10","ARIK","ARIK.AOS.reach",2018-07-18 13:57:00,2018-07-19 14:56:00,"ARIK.20180718.EPIPHYTON.1","ARIK.20180718.EPIPHYTON.1.AFDM.1",NA,"AFDM",125,NA,5,0.0015,1.49,178.08,0.4036,NA,NA,NA,"Bnance@Battelleecology.org","Hschartel@battelleecology.org","OK",NA,NA,"20221128T165258Z","RELEASE-2023"
"133","c36cbee1-66ad-4a47-9513-34b7c851b343","D10","ARIK","ARIK.AOS.reach",2018-07-18 13:57:00,2018-07-19 17:39:00,"ARIK.20180718.EPIPHYTON.5","ARIK.20180718.EPIPHYTON.5.AFDM.1",NA,"AFDM",125,NA,5,0.002,39,214.01,0.4388,NA,NA,NA,"Bnance@Battelleecology.org","Jswenson@battelleecology.org","OK",NA,NA,"20221128T165258Z","RELEASE-2023"
"134","3460bea3-551c-4ef2-bd02-9c4e33db04b9","D10","ARIK","ARIK.AOS.reach",2018-07-18 13:57:00,2018-07-19 17:30:00,"ARIK.20180718.EPIPHYTON.4","ARIK.20180718.EPIPHYTON.4.TAXONOMY","A00000019358","taxonomy",125,60,NA,NA,NA,NA,NA,"glutaraldehyde",1.2,NA,"Bnance@Battelleecology.org","Jswenson@battelleecology.org","OK",NA,NA,"20221128T165258Z","RELEASE-2023"
"135","55cc273b-91ec-43c1-9b4a-f7aa9d84365b","D10","ARIK","ARIK.AOS.reach",2018-07-18 13:57:00,2018-07-19 17:05:00,"ARIK.20180718.EPIPHYTON.2","ARIK.20180718.EPIPHYTON.2.TAXONOMY","A00000019361","taxonomy",125,60,NA,NA,NA,NA,NA,"glutaraldehyde",1.2,NA,"Bnance@Battelleecology.org","Jswenson@battelleecology.org","OK",NA,NA,"20221128T165258Z","RELEASE-2023"
"136","cf202c84-946e-4f31-b6ca-c2009eb010b3","D10","ARIK","ARIK.AOS.reach",2018-07-18 13:57:00,2018-07-19 17:39:00,"ARIK.20180718.EPIPHYTON.5","ARIK.20180718.EPIPHYTON.5.TAXONOMY","A00000019357","taxonomy",125,60,NA,NA,NA,NA,NA,"glutaraldehyde",1.2,NA,"Bnance@Battelleecology.org","Jswenson@battelleecology.org","OK",NA,NA,"20221128T165258Z","RELEASE-2023"
"137","420ea1ca-fab8-464b-9a69-a44395a73ab2","D10","ARIK","ARIK.AOS.S2",2018-07-18 13:57:00,2018-07-19 15:36:00,"ARIK.20180718.SESTON.1","ARIK.20180718.SESTON.1.AFDM.1",NA,"AFDM",4000,NA,150,0.0017,NA,NA,NA,NA,NA,NA,"Hschartel@battelleecology.org","Bnance@Battelleecology.org","OK",NA,NA,"20221128T165258Z","RELEASE-2023"
"138","008a053c-6b6e-4f51-a843-3a07acfbcae4","D10","ARIK","ARIK.AOS.reach",2018-07-18 13:57:00,2018-07-19 15:24:00,"ARIK.20180718.EPIPSAMMON.3","ARIK.20180718.EPIPSAMMON.3.AFDM.1",NA,"AFDM",125,NA,2,6e-04,NA,NA,NA,NA,NA,NA,"Bnance@Battelleecology.org","Hschartel@battelleecology.org","OK",NA,NA,"20221128T165258Z","RELEASE-2023"
"139","db96b9c6-8f9d-4747-9e14-7c6df6d15ce2","D10","ARIK","ARIK.AOS.reach",2018-07-18 13:57:00,2018-07-19 17:30:00,"ARIK.20180718.EPIPHYTON.4","ARIK.20180718.EPIPHYTON.4.AFDM.1",NA,"AFDM",125,NA,10,0.0034,2.15,130.9,0.4756,NA,NA,NA,"Bnance@Battelleecology.org","Jswenson@battelleecology.org","OK",NA,NA,"20221128T165258Z","RELEASE-2023"
"140","277b2a7b-a633-4d0e-98b8-505ee1bf109f","D10","ARIK","ARIK.AOS.reach",2018-07-18 13:57:00,2018-07-19 15:23:00,"ARIK.20180718.EPIPSAMMON.2","ARIK.20180718.EPIPSAMMON.2.TAXONOMY","A00000019363","taxonomy",125,60,NA,NA,NA,NA,NA,"glutaraldehyde",1.2,NA,"Hschartel@battelleecology.org","Bnance@Battelleecology.org","OK",NA,NA,"20221128T165258Z","RELEASE-2023"
"141","5ecb857f-7d28-421d-90a1-9bf43399e7d5","D10","ARIK","ARIK.AOS.reach",2018-07-18 13:57:00,2018-07-19 15:21:00,"ARIK.20180718.EPIPSAMMON.1","ARIK.20180718.EPIPSAMMON.1.AFDM.1",NA,"AFDM",126,NA,3,0.0032,NA,NA,NA,NA,NA,NA,"Hschartel@battelleecology.org","Bnance@Battelleecology.org","OK",NA,NA,"20221128T165258Z","RELEASE-2023"
"142","7ef3ec4d-68b7-4a01-8ee9-ce9be058edfb","D10","ARIK","ARIK.AOS.reach",2018-10-15 18:05:00,2018-10-16 18:37:00,"ARIK.20181015.EPIPHYTON.1","ARIK.20181015.EPIPHYTON.1.AFDM.1",NA,"AFDM",125,NA,10,9e-04,1.12,276.46,1.0119,NA,NA,NA,"Meugster@battelleecology.org","Jroquemore@battelleecology.org","OK",NA,NA,"20221128T170855Z","RELEASE-2023"
"143","6edb5dc4-6394-48ba-9bb7-f1f951378d04","D10","ARIK","ARIK.AOS.reach",2018-10-15 18:05:00,2018-10-16 17:50:00,"ARIK.20181015.EPIPSAMMON.2","ARIK.20181015.EPIPSAMMON.2.TAXONOMY","A00000051247","taxonomy",125,60,NA,NA,NA,NA,NA,"glutaraldehyde",1.4,NA,"Meugster@battelleecology.org","Jroquemore@battelleecology.org","OK",NA,NA,"20221128T170855Z","RELEASE-2023"
"144","718f8f29-bbf6-419b-ad39-b4478abeb7d2","D10","ARIK","ARIK.AOS.reach",2018-10-15 18:05:00,2018-10-16 18:37:00,"ARIK.20181015.EPIPHYTON.1","ARIK.20181015.EPIPHYTON.1.TAXONOMY","A00000051249","taxonomy",125,60,NA,NA,NA,NA,NA,"glutaraldehyde",1.4,NA,"Meugster@battelleecology.org","Jroquemore@battelleecology.org","OK",NA,NA,"20221128T170855Z","RELEASE-2023"
"145","afedf3a9-7923-47c8-8964-573a2e64e361","D10","ARIK","ARIK.AOS.reach",2018-10-15 18:05:00,2018-10-16 17:00:00,"ARIK.20181015.EPIPSAMMON.1","ARIK.20181015.EPIPSAMMON.1.AFDM.1",NA,"AFDM",125,NA,5,0.0016,NA,NA,NA,NA,NA,NA,"Meugster@battelleecology.org","Jroquemore@battelleecology.org","OK",NA,NA,"20221128T170855Z","RELEASE-2023"
"146","5bb2276f-35b5-4f38-abe6-947349625ae9","D10","ARIK","ARIK.AOS.reach",2018-10-15 18:05:00,2018-10-16 17:00:00,"ARIK.20181015.EPIPSAMMON.1","ARIK.20181015.EPIPSAMMON.1.TAXONOMY","A00000051246","taxonomy",125,60,NA,NA,NA,NA,NA,"glutaraldehyde",1.4,NA,"Meugster@battelleecology.org","Jroquemore@battelleecology.org","OK",NA,NA,"20221128T170855Z","RELEASE-2023"
"147","d57cebbc-7060-4228-88ea-a01f64203d03","D10","ARIK","ARIK.AOS.reach",2018-10-15 18:05:00,2018-10-16 19:49:00,"ARIK.20181015.EPIPHYTON.4","ARIK.20181015.EPIPHYTON.4.AFDM.1",NA,"AFDM",125,NA,10,0.0031,3.38,386.81,3.0364,NA,NA,NA,"Jroquemore@battelleecology.org","Jroquemore@battelleecology.org","OK",NA,NA,"20221128T170855Z","RELEASE-2023"
"148","effe21e8-0862-499b-ab86-94a3aa9ea43e","D10","ARIK","ARIK.AOS.reach",2018-10-15 18:05:00,2018-10-16 20:10:00,"ARIK.20181015.EPIPHYTON.5","ARIK.20181015.EPIPHYTON.5.TAXONOMY","A00000051252","taxonomy",125,60,NA,NA,NA,NA,NA,"glutaraldehyde",1.4,NA,"Jroquemore@battelleecology.org","Jroquemore@battelleecology.org","OK",NA,NA,"20221128T170855Z","RELEASE-2023"
"149","ef0d7b1f-bdee-4566-a70c-7164fb436606","D10","ARIK","ARIK.AOS.reach",2018-10-15 18:05:00,2018-10-16 20:10:00,"ARIK.20181015.EPIPHYTON.5","ARIK.20181015.EPIPHYTON.5.AFDM.1",NA,"AFDM",125,NA,10,0.0029,3.38,720.18,3.0364,NA,NA,NA,"Jroquemore@battelleecology.org","Jroquemore@battelleecology.org","OK",NA,NA,"20221128T170855Z","RELEASE-2023"
"150","0d34d693-7fb3-48c4-a49c-81a704946140","D10","ARIK","ARIK.AOS.reach",2018-10-15 18:05:00,2018-10-16 19:10:00,"ARIK.20181015.EPIPHYTON.2","ARIK.20181015.EPIPHYTON.2.AFDM.1",NA,"AFDM",125,NA,10,0.0016,2.37,253.29,1.8889,NA,NA,NA,"Meugster@battelleecology.org","Jroquemore@battelleecology.org","OK",NA,NA,"20221128T170855Z","RELEASE-2023"
"151","4ab27e2f-105a-43ee-8d8b-0c39238b4195","D10","ARIK","ARIK.AOS.reach",2018-10-15 18:05:00,2018-10-16 18:10:00,"ARIK.20181015.EPIPSAMMON.3","ARIK.20181015.EPIPSAMMON.3.AFDM.1",NA,"AFDM",125,NA,5,0.0054,NA,NA,NA,NA,NA,NA,"Meugster@battelleecology.org","Jroquemore@battelleecology.org","OK",NA,NA,"20221128T170855Z","RELEASE-2023"
"152","a725184a-64a8-4fc5-b7cd-0654ce070938","D10","ARIK","ARIK.AOS.reach",2018-10-15 18:05:00,2018-10-16 19:32:00,"ARIK.20181015.EPIPHYTON.3","ARIK.20181015.EPIPHYTON.3.AFDM.1",NA,"AFDM",125,NA,10,0.0028,4.28,418.22,3.3506,NA,NA,NA,"Jroquemore@battelleecology.org","Jroquemore@battelleecology.org","OK",NA,NA,"20221128T170855Z","RELEASE-2023"
"153","fd15682c-e58a-41ef-b4fb-83eea35cb228","D10","ARIK","ARIK.AOS.reach",2018-10-15 18:05:00,2018-10-16 18:10:00,"ARIK.20181015.EPIPSAMMON.3","ARIK.20181015.EPIPSAMMON.3.TAXONOMY","A00000051248","taxonomy",125,60,NA,NA,NA,NA,NA,"glutaraldehyde",1.4,NA,"Meugster@battelleecology.org","Jroquemore@battelleecology.org","OK",NA,NA,"20221128T170855Z","RELEASE-2023"
"154","94342a69-b5dc-4dfa-b014-941db2e11230","D10","ARIK","ARIK.AOS.S2",2018-10-15 18:05:00,2018-10-16 20:55:00,"ARIK.20181015.SESTON.1","ARIK.20181015.SESTON.1.AFDM.1",NA,"AFDM",4000,NA,500,0.0016,NA,NA,NA,NA,NA,NA,"Jroquemore@battelleecology.org","Jroquemore@battelleecology.org","OK",NA,NA,"20221128T170855Z","RELEASE-2023"
"155","59a790ae-9073-436d-b925-b540aa527731","D10","ARIK","ARIK.AOS.reach",2018-10-15 18:05:00,2018-10-16 19:49:00,"ARIK.20181015.EPIPHYTON.4","ARIK.20181015.EPIPHYTON.4.TAXONOMY","A00000051251","taxonomy",125,60,NA,NA,NA,NA,NA,"glutaraldehyde",1.4,NA,"Jroquemore@battelleecology.org","Jroquemore@battelleecology.org","OK",NA,NA,"20221128T170855Z","RELEASE-2023"
"156","171c2a78-13b7-4b73-9e0c-c72343b850f8","D10","ARIK","ARIK.AOS.reach",2018-10-15 18:05:00,2018-10-16 17:50:00,"ARIK.20181015.EPIPSAMMON.2","ARIK.20181015.EPIPSAMMON.2.AFDM.1",NA,"AFDM",125,NA,5,0.0053,NA,NA,NA,NA,NA,NA,"Meugster@battelleecology.org","Jroquemore@battelleecology.org","OK",NA,NA,"20221128T170855Z","RELEASE-2023"
"157","5bd39096-5ac4-43da-9e7c-01023498974c","D10","ARIK","ARIK.AOS.reach",2018-10-15 18:05:00,2018-10-16 19:10:00,"ARIK.20181015.EPIPHYTON.2","ARIK.20181015.EPIPHYTON.2.TAXONOMY","A00000051250","taxonomy",125,60,NA,NA,NA,NA,NA,"glutaraldehyde",1.4,NA,"Meugster@battelleecology.org","Jroquemore@battelleecology.org","OK",NA,NA,"20221128T170855Z","RELEASE-2023"
"158","c5edd520-5c97-4414-95be-7501b9129cea","D10","ARIK","ARIK.AOS.reach",2018-10-15 18:05:00,2018-10-16 19:32:00,"ARIK.20181015.EPIPHYTON.3","ARIK.20181015.EPIPHYTON.3.TAXONOMY","A00000051253","taxonomy",125,60,NA,NA,NA,NA,NA,"glutaraldehyde",1.4,NA,"Jroquemore@battelleecology.org","Jroquemore@battelleecology.org","OK",NA,NA,"20221128T170855Z","RELEASE-2023"
"159","4c94bae9-dd19-46ed-8e21-a7f1163ecf6b","D10","ARIK","ARIK.AOS.reach",2019-03-19 15:41:00,2019-03-20 19:20:00,"ARIK.20190319.EPIPHYTON.3","ARIK.20190319.EPIPHYTON.3.AFDM.1",NA,"AFDM",125,NA,7,0.0015,2.38,198.1,2.1081,NA,NA,NA,"0000-0002-5760-9269","0000-0002-8159-7966","OK",NA,NA,"20221128T180649Z","RELEASE-2023"
"160","06837004-c8a5-4c48-a593-aabf071835aa","D10","ARIK","ARIK.AOS.reach",2019-03-19 15:41:00,2019-03-20 17:36:00,"ARIK.20190319.EPIPSAMMON.3","ARIK.20190319.EPIPSAMMON.3.TAXONOMY","A00000051716","taxonomy",132,60,NA,NA,NA,NA,NA,"glutaraldehyde",1.2,NA,"0000-0002-5760-9269","0000-0002-8159-7966","OK",NA,NA,"20221128T180649Z","RELEASE-2023"
"161","f8244a93-4f1f-45e4-ac26-1cf1493a219b","D10","ARIK","ARIK.AOS.S2",2019-03-19 15:41:00,2019-03-20 16:48:00,"ARIK.20190319.SESTON.1","ARIK.20190319.SESTON.1.AFDM.1",NA,"AFDM",3000,NA,300,2e-04,NA,NA,NA,NA,NA,NA,"0000-0002-5760-9269","0000-0002-8159-7966","OK",NA,NA,"20221128T180649Z","RELEASE-2023"
"162","832042da-d949-4a47-b9f4-c9b37cbe8885","D10","ARIK","ARIK.AOS.reach",2019-03-19 15:41:00,2019-03-20 17:05:00,"ARIK.20190319.EPIPSAMMON.1","ARIK.20190319.EPIPSAMMON.1.AFDM.1",NA,"AFDM",130,NA,2,0.0015,NA,NA,NA,NA,NA,NA,"0000-0002-5760-9269","0000-0002-8159-7966","OK",NA,NA,"20221128T180649Z","RELEASE-2023"
"163","3423e7d1-5234-44ff-a05b-3f1854fe566c","D10","ARIK","ARIK.AOS.reach",2019-03-19 15:41:00,2019-03-20 18:40:00,"ARIK.20190319.EPIPHYTON.2","ARIK.20190319.EPIPHYTON.2.TAXONOMY","A00000051718","taxonomy",125,60,NA,NA,NA,NA,NA,"glutaraldehyde",1.2,NA,"0000-0002-5760-9269","0000-0002-8159-7966","OK",NA,NA,"20221128T180649Z","RELEASE-2023"
"164","b0fe24b2-1640-4790-8f0f-e2aad9bb6c07","D10","ARIK","ARIK.AOS.reach",2019-03-19 15:41:00,2019-03-20 17:26:00,"ARIK.20190319.EPIPSAMMON.2","ARIK.20190319.EPIPSAMMON.2.TAXONOMY","A00000051715","taxonomy",132,60,NA,NA,NA,NA,NA,"glutaraldehyde",1.2,NA,"0000-0002-5760-9269","0000-0002-8159-7966","OK",NA,NA,"20221128T180649Z","RELEASE-2023"
"165","3d10475f-3355-4511-8d0b-0e1df6502725","D10","ARIK","ARIK.AOS.reach",2019-03-19 15:41:00,2019-03-20 17:49:00,"ARIK.20190319.EPIPHYTON.1","ARIK.20190319.EPIPHYTON.1.TAXONOMY","A00000051717","taxonomy",125,60,NA,NA,NA,NA,NA,"glutaraldehyde",1.2,NA,"0000-0002-5760-9269","0000-0002-8159-7966","OK",NA,NA,"20221128T180649Z","RELEASE-2023"
"166","7d2cc8ac-423c-4ce0-b874-8a364ba06b0c","D10","ARIK","ARIK.AOS.reach",2019-03-19 15:41:00,2019-03-20 19:20:00,"ARIK.20190319.EPIPHYTON.3","ARIK.20190319.EPIPHYTON.3.TAXONOMY","A00000051719","taxonomy",125,60,NA,NA,NA,NA,NA,"glutaraldehyde",1.2,NA,"0000-0002-5760-9269","0000-0002-8159-7966","OK",NA,NA,"20221128T180649Z","RELEASE-2023"
"167","b30563de-fe86-46f9-9191-b0d39858832b","D10","ARIK","ARIK.AOS.reach",2019-03-19 15:41:00,2019-03-20 19:29:00,"ARIK.20190319.EPIPHYTON.4","ARIK.20190319.EPIPHYTON.4.TAXONOMY","A00000051720","taxonomy",125,60,NA,NA,NA,NA,NA,"glutaraldehyde",1.2,NA,"0000-0002-5760-9269","0000-0002-8159-7966","OK",NA,NA,"20221128T180649Z","RELEASE-2023"
"168","6ce63157-0d57-4c52-b399-0883c6b610bb","D10","ARIK","ARIK.AOS.reach",2019-03-19 15:41:00,2019-03-20 17:05:00,"ARIK.20190319.EPIPSAMMON.1","ARIK.20190319.EPIPSAMMON.1.TAXONOMY","A00000051714","taxonomy",130,60,NA,NA,NA,NA,NA,"glutaraldehyde",1.2,NA,"0000-0002-5760-9269","0000-0002-8159-7966","OK",NA,NA,"20221128T180649Z","RELEASE-2023"
"169","6fd92905-c5f4-438b-860c-dc4e7c8c5e4a","D10","ARIK","ARIK.AOS.reach",2019-03-19 15:41:00,2019-03-20 19:29:00,"ARIK.20190319.EPIPHYTON.4","ARIK.20190319.EPIPHYTON.4.AFDM.1",NA,"AFDM",125,NA,7,0.0023,6.07,401.6,5.0134,NA,NA,NA,"0000-0002-5760-9269","0000-0002-8159-7966","OK",NA,NA,"20221128T180649Z","RELEASE-2023"
"170","f982523f-d327-4779-b53f-a6c107e65835","D10","ARIK","ARIK.AOS.reach",2019-03-19 15:41:00,2019-03-20 17:26:00,"ARIK.20190319.EPIPSAMMON.2","ARIK.20190319.EPIPSAMMON.2.AFDM.1",NA,"AFDM",132,NA,2,5e-04,NA,NA,NA,NA,NA,NA,"0000-0002-5760-9269","0000-0002-8159-7966","OK",NA,NA,"20221128T180649Z","RELEASE-2023"
"171","0a34d5e4-44e4-4d52-90cc-2e88800601ef","D10","ARIK","ARIK.AOS.reach",2019-03-19 15:41:00,2019-03-20 18:40:00,"ARIK.20190319.EPIPHYTON.2","ARIK.20190319.EPIPHYTON.2.AFDM.1",NA,"AFDM",125,NA,10,0.0033,3.29,184.7,2.9048,NA,NA,NA,"0000-0002-5760-9269","0000-0002-8159-7966","OK",NA,NA,"20221128T180649Z","RELEASE-2023"
"172","c300b433-13c5-4dea-a244-78323864585f","D10","ARIK","ARIK.AOS.reach",2019-03-19 15:41:00,2019-03-20 17:49:00,"ARIK.20190319.EPIPHYTON.1","ARIK.20190319.EPIPHYTON.1.AFDM.1",NA,"AFDM",125,NA,10,0.0015,1.85,158,1.581,NA,NA,NA,"0000-0002-5760-9269","0000-0002-8159-7966","OK",NA,NA,"20221128T180649Z","RELEASE-2023"
"173","6767e053-9e24-4028-a1b8-6ed401970f63","D10","ARIK","ARIK.AOS.reach",2019-03-19 15:41:00,2019-03-20 19:41:00,"ARIK.20190319.EPIPHYTON.5","ARIK.20190319.EPIPHYTON.5.TAXONOMY","A00000051721","taxonomy",125,60,NA,NA,NA,NA,NA,"glutaraldehyde",1.2,NA,"0000-0002-5760-9269","0000-0002-8159-7966","OK",NA,NA,"20221128T180649Z","RELEASE-2023"
"174","adfb6225-8557-4d75-b122-b2ec87e53f04","D10","ARIK","ARIK.AOS.reach",2019-03-19 15:41:00,2019-03-20 19:41:00,"ARIK.20190319.EPIPHYTON.5","ARIK.20190319.EPIPHYTON.5.AFDM.1",NA,"AFDM",125,NA,7,0.0034,18.61,872.2,4.0383,NA,NA,NA,"0000-0002-5760-9269","0000-0002-8159-7966","OK",NA,NA,"20221128T180649Z","RELEASE-2023"
"175","9af5c240-41a6-4d61-963a-94dce3a71076","D10","ARIK","ARIK.AOS.reach",2019-03-19 15:41:00,2019-03-20 17:36:00,"ARIK.20190319.EPIPSAMMON.3","ARIK.20190319.EPIPSAMMON.3.AFDM.1",NA,"AFDM",132,NA,6,0.0013,NA,NA,NA,NA,NA,NA,"0000-0002-5760-9269","0000-0002-8159-7966","OK",NA,NA,"20221128T180649Z","RELEASE-2023"
"176","83d98032-6d40-4620-8208-47dd412b31a4","D10","ARIK","ARIK.AOS.reach",2019-07-15 19:00:00,2019-07-16 18:57:00,"ARIK.20190715.EPIPSAMMON.1","ARIK.20190715.EPIPSAMMON.1.AFDM.1",NA,"AFDM",130,NA,4,0.0011,NA,NA,NA,NA,NA,NA,"0000-0002-7071-0855","0000-0002-8159-7966","OK",NA,NA,"20221128T162354Z","RELEASE-2023"
"177","087470de-e73e-423d-be77-56a8f4e82295","D10","ARIK","ARIK.AOS.reach",2019-07-15 19:00:00,2019-07-16 19:40:00,"ARIK.20190715.EPIPSAMMON.3","ARIK.20190715.EPIPSAMMON.3.AFDM.1",NA,"AFDM",126,NA,4,0.0024,NA,NA,NA,NA,NA,NA,"0000-0002-7071-0855","0000-0002-8159-7966","OK",NA,NA,"20221128T162354Z","RELEASE-2023"
"178","106f6230-4cff-4237-8b44-c2f72157400d","D10","ARIK","ARIK.AOS.reach",2019-07-15 19:00:00,2019-07-16 20:28:00,"ARIK.20190715.EPIPHYTON.4","ARIK.20190715.EPIPHYTON.4.AFDM.1",NA,"AFDM",125,NA,4,9e-04,3.4,5443.18,1.0219,NA,NA,NA,"0000-0002-7071-0855","0000-0002-8159-7966","OK",NA,NA,"20221128T162354Z","RELEASE-2023"
"179","6f0c554d-d52d-4b77-bf15-9d88e5a3b7de","D10","ARIK","ARIK.AOS.reach",2019-07-15 19:00:00,2019-07-16 19:46:00,"ARIK.20190715.EPIPHYTON.1","ARIK.20190715.EPIPHYTON.1.AFDM.1",NA,"AFDM",125,NA,8,7e-04,3.72,3475.83,1.9529,NA,NA,NA,"0000-0002-7071-0855","0000-0002-8159-7966","OK",NA,NA,"20221128T162354Z","RELEASE-2023"
"180","817e5e33-d3af-4a7b-b48f-3fdeb82914a0","D10","ARIK","ARIK.AOS.reach",2019-07-15 19:00:00,2019-07-16 18:57:00,"ARIK.20190715.EPIPSAMMON.1","ARIK.20190715.EPIPSAMMON.1.TAXONOMY","A00000091143","taxonomy",130,60,NA,NA,NA,NA,NA,"glutaraldehyde",1.2,NA,"0000-0002-7071-0855","0000-0002-8159-7966","OK",NA,NA,"20221128T162354Z","RELEASE-2023"
"181","c9d5ff2f-9fbf-4092-a3f2-c05c0d3d32de","D10","ARIK","ARIK.AOS.reach",2019-07-15 19:00:00,2019-07-16 20:40:00,"ARIK.20190715.EPIPHYTON.5","ARIK.20190715.EPIPHYTON.5.AFDM.1",NA,"AFDM",125,NA,10,0.0015,2.17,2060.04,0.8546,NA,NA,NA,"0000-0002-7071-0855","0000-0002-8159-7966","OK",NA,NA,"20221128T162354Z","RELEASE-2023"
"182","3c907941-17f8-4ec0-9279-54b97ac259a3","D10","ARIK","ARIK.AOS.reach",2019-07-15 19:00:00,2019-07-16 20:40:00,"ARIK.20190715.EPIPHYTON.5","ARIK.20190715.EPIPHYTON.5.TAXONOMY","A00000091142","taxonomy",125,60,NA,NA,NA,NA,NA,"glutaraldehyde",1.2,NA,"0000-0002-7071-0855","0000-0002-8159-7966","OK",NA,NA,"20221128T162354Z","RELEASE-2023"
"183","ec523c89-6a9c-4a1a-9d41-4e63afdfcc00","D10","ARIK","ARIK.AOS.reach",2019-07-15 19:00:00,2019-07-16 19:58:00,"ARIK.20190715.EPIPHYTON.2","ARIK.20190715.EPIPHYTON.2.TAXONOMY","A00000091124","taxonomy",125,60,NA,NA,NA,NA,NA,"glutaraldehyde",1.2,NA,"0000-0002-7071-0855","0000-0002-8159-7966","OK",NA,NA,"20221128T162354Z","RELEASE-2023"
"184","071e2c62-49ca-4b6e-af32-1962110aa69a","D10","ARIK","ARIK.AOS.S2",2019-07-15 19:00:00,2019-07-16 17:55:00,"ARIK.20190715.SESTON.1","ARIK.20190715.SESTON.1.AFDM.1",NA,"AFDM",2000,NA,250,5e-04,NA,NA,NA,NA,NA,NA,"0000-0002-7071-0855","0000-0002-8159-7966","OK",NA,NA,"20221128T162354Z","RELEASE-2023"
"185","1810c81a-8e28-43dd-a9ac-909e94f48d20","D10","ARIK","ARIK.AOS.reach",2019-07-15 19:00:00,2019-07-16 19:58:00,"ARIK.20190715.EPIPHYTON.2","ARIK.20190715.EPIPHYTON.2.AFDM.1",NA,"AFDM",125,NA,8,0.001,3.4,2964.04,0.9533,NA,NA,NA,"0000-0002-7071-0855","0000-0002-8159-7966","OK",NA,NA,"20221128T162354Z","RELEASE-2023"
"186","1ffeac70-5514-4827-821e-d18186201c66","D10","ARIK","ARIK.AOS.reach",2019-07-15 19:00:00,2019-07-16 20:11:00,"ARIK.20190715.EPIPHYTON.3","ARIK.20190715.EPIPHYTON.3.TAXONOMY","A00000091141","taxonomy",125,60,NA,NA,NA,NA,NA,"glutaraldehyde",1.2,NA,"0000-0002-7071-0855","0000-0002-8159-7966","OK",NA,NA,"20221128T162354Z","RELEASE-2023"
"187","dcf8d887-178e-45b1-ae40-0ec1fd8364af","D10","ARIK","ARIK.AOS.reach",2019-07-15 19:00:00,2019-07-16 19:28:00,"ARIK.20190715.EPIPSAMMON.2","ARIK.20190715.EPIPSAMMON.2.AFDM.1",NA,"AFDM",128,NA,8,0.0019,NA,NA,NA,NA,NA,NA,"0000-0002-7071-0855","0000-0002-8159-7966","OK",NA,NA,"20221128T162354Z","RELEASE-2023"
"188","96f7cf64-ed8d-40a5-ab4e-c0e694644794","D10","ARIK","ARIK.AOS.reach",2019-07-15 19:00:00,2019-07-16 19:28:00,"ARIK.20190715.EPIPSAMMON.2","ARIK.20190715.EPIPSAMMON.2.TAXONOMY","A00000091125","taxonomy",128,60,NA,NA,NA,NA,NA,"glutaraldehyde",1.2,NA,"0000-0002-7071-0855","0000-0002-8159-7966","OK",NA,NA,"20221128T162354Z","RELEASE-2023"
"189","7c2d8b81-a347-4656-b18b-10160395113f","D10","ARIK","ARIK.AOS.reach",2019-07-15 19:00:00,2019-07-16 20:11:00,"ARIK.20190715.EPIPHYTON.3","ARIK.20190715.EPIPHYTON.3.AFDM.1",NA,"AFDM",125,NA,8,0.002,5.23,4841.71,1.0062,NA,NA,NA,"0000-0002-7071-0855","0000-0002-8159-7966","OK",NA,NA,"20221128T162354Z","RELEASE-2023"
"190","acbf57af-4612-49bd-a95a-520f32c93ad9","D10","ARIK","ARIK.AOS.reach",2019-07-15 19:00:00,2019-07-16 19:40:00,"ARIK.20190715.EPIPSAMMON.3","ARIK.20190715.EPIPSAMMON.3.TAXONOMY","A00000091126","taxonomy",126,60,NA,NA,NA,NA,NA,"glutaraldehyde",1.2,NA,"0000-0002-7071-0855","0000-0002-8159-7966","OK",NA,NA,"20221128T162354Z","RELEASE-2023"
"191","0c6fe6f5-efd9-4237-a886-80a70b8c04ce","D10","ARIK","ARIK.AOS.reach",2019-07-15 19:00:00,2019-07-16 20:28:00,"ARIK.20190715.EPIPHYTON.4","ARIK.20190715.EPIPHYTON.4.TAXONOMY","A00000091140","taxonomy",125,60,NA,NA,NA,NA,NA,"glutaraldehyde",1.2,NA,"0000-0002-7071-0855","0000-0002-8159-7966","OK",NA,NA,"20221128T162354Z","RELEASE-2023"
"192","5f13ab7e-fe32-4734-879b-e4b176a04810","D10","ARIK","ARIK.AOS.reach",2019-07-15 19:00:00,2019-07-16 19:46:00,"ARIK.20190715.EPIPHYTON.1","ARIK.20190715.EPIPHYTON.1.TAXONOMY","A00000091123","taxonomy",125,60,NA,NA,NA,NA,NA,"glutaraldehyde",1.2,NA,"0000-0002-7071-0855","0000-0002-8159-7966","OK",NA,NA,"20221128T162354Z","RELEASE-2023"
"193","4b1f6f17-e067-435a-b48d-3b97160dda7c","D10","ARIK","ARIK.AOS.reach",2019-10-07 18:07:00,2019-10-08 19:53:00,"ARIK.20191007.EPIPSAMMON.2","ARIK.20191007.EPIPSAMMON.2.AFDM.1",NA,"AFDM",130,NA,3,0.002,NA,NA,NA,NA,NA,NA,"0000-0002-7071-0855","0000-0002-8159-7966","OK",NA,NA,"20221128T174756Z","RELEASE-2023"
"194","d4a02d64-bc74-4905-bf10-eb279ae7735b","D10","ARIK","ARIK.AOS.reach",2019-10-07 18:07:00,2019-10-08 22:05:00,"ARIK.20191007.EPIPHYTON.3","ARIK.20191007.EPIPHYTON.3.AFDM.1",NA,"AFDM",125,NA,7,0.002,9.09,101.17,1.1665,NA,NA,NA,"0000-0002-5760-9269","0000-0003-3415-3067","OK",NA,NA,"20221128T174756Z","RELEASE-2023"
"195","1760aa4a-8431-4da2-aba9-f934258c19ec","D10","ARIK","ARIK.AOS.reach",2019-10-07 18:07:00,2019-10-08 22:12:00,"ARIK.20191007.EPIPHYTON.4","ARIK.20191007.EPIPHYTON.4.TAXONOMY","A00000093186","taxonomy",125,60,NA,NA,NA,NA,NA,"glutaraldehyde",1.2,NA,"0000-0002-5760-9269","0000-0003-3415-3067","OK",NA,NA,"20221128T174756Z","RELEASE-2023"
"196","fb3a0c3c-f270-4762-9c23-349bfc5d9557","D10","ARIK","ARIK.AOS.reach",2019-10-07 18:07:00,2019-10-08 20:43:00,"ARIK.20191007.EPIPSAMMON.3","ARIK.20191007.EPIPSAMMON.3.TAXONOMY","A00000093165","taxonomy",125,60,NA,NA,NA,NA,NA,"glutaraldehyde",1.2,NA,"0000-0002-5760-9269","0000-0003-3415-3067","OK",NA,NA,"20221128T174756Z","RELEASE-2023"
"197","772d4757-51cd-46be-a0a6-118052b2eeab","D10","ARIK","ARIK.AOS.reach",2019-10-07 18:07:00,2019-10-08 22:12:00,"ARIK.20191007.EPIPHYTON.4","ARIK.20191007.EPIPHYTON.4.AFDM.1",NA,"AFDM",125,NA,7,8e-04,11.16,245.22,1.1868,NA,NA,NA,"0000-0002-5760-9269","0000-0003-3415-3067","OK",NA,NA,"20221128T174756Z","RELEASE-2023"
"198","39aeab8b-9f2d-48ba-84ba-ea8bbc1478b7","D10","ARIK","ARIK.AOS.reach",2019-10-07 18:07:00,2019-10-08 19:06:00,"ARIK.20191007.EPIPSAMMON.1","ARIK.20191007.EPIPSAMMON.1.TAXONOMY","A00000093154","taxonomy",138,60,NA,NA,NA,NA,NA,"glutaraldehyde",1.2,NA,"0000-0002-7071-0855","0000-0002-8159-7966","OK",NA,NA,"20221128T174756Z","RELEASE-2023"
"199","39dbe5bd-52be-453d-816d-84206a272d23","D10","ARIK","ARIK.AOS.reach",2019-10-07 18:07:00,2019-10-08 21:04:00,"ARIK.20191007.EPIPHYTON.1","ARIK.20191007.EPIPHYTON.1.TAXONOMY","A00000093170","taxonomy",125,60,NA,NA,NA,NA,NA,"glutaraldehyde",1.2,NA,"0000-0002-5760-9269","0000-0003-3415-3067","OK",NA,NA,"20221128T174756Z","RELEASE-2023"
"200","caa6bdae-31ad-4a07-8a22-d1722e794786","D10","ARIK","ARIK.AOS.reach",2019-10-07 18:07:00,2019-10-08 21:25:00,"ARIK.20191007.EPIPHYTON.2","ARIK.20191007.EPIPHYTON.2.TAXONOMY","A00000093175","taxonomy",125,60,NA,NA,NA,NA,NA,"glutaraldehyde",1.2,NA,"0000-0002-5760-9269","0000-0003-3415-3067","OK",NA,NA,"20221128T174756Z","RELEASE-2023"
"201","a02314d7-2330-4886-bbfd-ca9e20e10d5c","D10","ARIK","ARIK.AOS.reach",2019-10-07 18:07:00,2019-10-08 19:06:00,"ARIK.20191007.EPIPSAMMON.1","ARIK.20191007.EPIPSAMMON.1.AFDM.1",NA,"AFDM",138,NA,5,0.0018,NA,NA,NA,NA,NA,NA,"0000-0002-7071-0855","0000-0002-8159-7966","OK",NA,NA,"20221128T174756Z","RELEASE-2023"
"202","033d4588-583b-438b-8829-462b8a77e3c6","D10","ARIK","ARIK.AOS.reach",2019-10-07 18:07:00,2019-10-08 19:53:00,"ARIK.20191007.EPIPSAMMON.2","ARIK.20191007.EPIPSAMMON.2.TAXONOMY","A00000093209","taxonomy",130,60,NA,NA,NA,NA,NA,"glutaraldehyde",1.2,NA,"0000-0002-7071-0855","0000-0002-8159-7966","OK",NA,NA,"20221128T174756Z","RELEASE-2023"
"203","2e1e1783-1b8e-4be0-8cd5-ccd0ec07c06c","D10","ARIK","ARIK.AOS.reach",2019-10-07 18:07:00,2019-10-08 21:25:00,"ARIK.20191007.EPIPHYTON.2","ARIK.20191007.EPIPHYTON.2.AFDM.1",NA,"AFDM",125,NA,5,0.0017,10.24,146.32,1.0581,NA,NA,NA,"0000-0002-5760-9269","0000-0003-3415-3067","OK",NA,NA,"20221128T174756Z","RELEASE-2023"
"204","c0235bcf-d620-4bf1-9629-190cc05988f7","D10","ARIK","ARIK.AOS.reach",2019-10-07 18:07:00,2019-10-08 22:25:00,"ARIK.20191007.EPIPHYTON.5","ARIK.20191007.EPIPHYTON.5.TAXONOMY","A00000093191","taxonomy",125,60,NA,NA,NA,NA,NA,"glutaraldehyde",1.2,NA,"0000-0002-5760-9269","0000-0003-3415-3067","OK",NA,NA,"20221128T174756Z","RELEASE-2023"
"205","368f088f-3113-44ec-9233-4e8e08afb495","D10","ARIK","ARIK.AOS.reach",2019-10-07 18:07:00,2019-10-08 22:25:00,"ARIK.20191007.EPIPHYTON.5","ARIK.20191007.EPIPHYTON.5.AFDM.1",NA,"AFDM",125,NA,7,9e-04,9.15,171.33,1.2342,NA,NA,NA,"0000-0002-5760-9269","0000-0003-3415-3067","OK",NA,NA,"20221128T174756Z","RELEASE-2023"
"206","2177c3df-2fea-4348-a3c5-64bac016f9a3","D10","ARIK","ARIK.AOS.reach",2019-10-07 18:07:00,2019-10-08 22:05:00,"ARIK.20191007.EPIPHYTON.3","ARIK.20191007.EPIPHYTON.3.TAXONOMY","A00000093181","taxonomy",125,60,NA,NA,NA,NA,NA,"glutaraldehyde",1.2,NA,"0000-0002-5760-9269","0000-0003-3415-3067","OK",NA,NA,"20221128T174756Z","RELEASE-2023"
"207","f269ed38-875a-48d2-a1d7-bca7db8cd75a","D10","ARIK","ARIK.AOS.reach",2019-10-07 18:07:00,2019-10-08 20:43:00,"ARIK.20191007.EPIPSAMMON.3","ARIK.20191007.EPIPSAMMON.3.AFDM.1",NA,"AFDM",125,NA,5,0.0033,NA,NA,NA,NA,NA,NA,"0000-0002-5760-9269","0000-0003-3415-3067","OK",NA,NA,"20221128T174756Z","RELEASE-2023"
"208","695d4451-25d7-4c15-acda-ffa7b9eb7c86","D10","ARIK","ARIK.AOS.S2",2019-10-07 18:07:00,2019-10-08 22:38:00,"ARIK.20191007.SESTON.1","ARIK.20191007.SESTON.1.AFDM.1",NA,"AFDM",2000,NA,100,0.0111,NA,NA,NA,NA,NA,NA,"0000-0002-5760-9269","0000-0003-3415-3067","OK",NA,NA,"20221128T174756Z","RELEASE-2023"
"209","430edf3e-3269-4ab7-ac23-55052464bdc6","D10","ARIK","ARIK.AOS.reach",2019-10-07 18:07:00,2019-10-08 21:04:00,"ARIK.20191007.EPIPHYTON.1","ARIK.20191007.EPIPHYTON.1.AFDM.1",NA,"AFDM",125,NA,10,0.0017,10.93,206.14,1.4248,NA,NA,NA,"0000-0002-5760-9269","0000-0003-3415-3067","OK",NA,NA,"20221128T174756Z","RELEASE-2023"
"210","07cb0307-77d3-425c-9951-4a8d70f68c55","D10","ARIK","ARIK.AOS.reach",2020-09-30 17:20:00,2020-10-01 22:00:00,"ARIK.20200930.EPIPHYTON.3","ARIK.20200930.EPIPHYTON.3.AFDM.1",NA,"AFDM",125,NA,10,1e-04,0.97,46.86,0.8855,NA,NA,NA,"0000-0002-5760-9269","0000-0002-7071-0855","OK",NA,NA,"20230403T211937Z","PROVISIONAL"
"211","282f7ef8-0b49-4759-a793-db5b02e1ae92","D10","ARIK","ARIK.AOS.reach",2020-09-30 17:20:00,2020-10-01 21:15:00,"ARIK.20200930.EPIPHYTON.1","ARIK.20200930.EPIPHYTON.1.AFDM.1",NA,"AFDM",125,NA,10,5e-04,1.11,74.25,1.5641,NA,NA,NA,"0000-0002-5760-9269","0000-0002-7071-0855","OK",NA,NA,"20230403T211937Z","PROVISIONAL"
"212","112de904-15bc-4100-9471-d30b9cb14edf","D10","ARIK","ARIK.AOS.reach",2020-09-30 17:20:00,2020-10-01 21:38:00,"ARIK.20200930.EPIPHYTON.2","ARIK.20200930.EPIPHYTON.2.AFDM.1",NA,"AFDM",125,NA,10,5e-04,1.4,139.41,1.1885,NA,NA,NA,"0000-0002-5760-9269","0000-0002-7071-0855","OK",NA,NA,"20230403T211937Z","PROVISIONAL"
"213","d184e0ca-0ed5-4a60-a637-01364fca5948","D10","ARIK","ARIK.AOS.reach",2020-09-30 17:20:00,2020-10-01 21:38:00,"ARIK.20200930.EPIPHYTON.2","ARIK.20200930.EPIPHYTON.2.TAXONOMY","A00000124821","taxonomy",125,60,NA,NA,NA,NA,NA,"glutaraldehyde",1.2,NA,"0000-0002-5760-9269","0000-0002-7071-0855","OK",NA,NA,"20230403T211937Z","PROVISIONAL"
"214","1b0e7636-09d9-4318-8f6c-e5b2530bb4b7","D10","ARIK","ARIK.AOS.reach",2020-09-30 17:20:00,2020-10-01 21:15:00,"ARIK.20200930.EPIPHYTON.1","ARIK.20200930.EPIPHYTON.1.TAXONOMY","A00000124820","taxonomy",125,60,NA,NA,NA,NA,NA,"glutaraldehyde",1.2,NA,"0000-0002-5760-9269","0000-0002-7071-0855","OK",NA,NA,"20230403T211937Z","PROVISIONAL"
"215","e6d66a8f-811a-44f3-95f6-5968d978678d","D10","ARIK","ARIK.AOS.reach",2020-09-30 17:20:00,2020-10-01 22:00:00,"ARIK.20200930.EPIPHYTON.3","ARIK.20200930.EPIPHYTON.3.TAXONOMY","A00000124834","taxonomy",125,60,NA,NA,NA,NA,NA,"glutaraldehyde",1.2,NA,"0000-0002-5760-9269","0000-0002-7071-0855","OK",NA,NA,"20230403T211937Z","PROVISIONAL"
"216","0979d7c9-61d8-4b4c-a3d1-6f3966833261","D10","ARIK","ARIK.AOS.reach",2021-03-23 15:03:00,2021-03-24 16:16:00,"ARIK.20210323.EPIPSAMMON.2","ARIK.20210323.EPIPSAMMON.2.TAXONOMY","A00000246501","taxonomy",130,60,NA,NA,NA,NA,NA,"glutaraldehyde",1.2,NA,"0000-0002-7071-0855","0000-0002-5760-9269","OK",NA,NA,"20230403T212358Z","PROVISIONAL"
"217","625d6dcb-8d23-4411-b8f5-f0e24f64e235","D10","ARIK","ARIK.AOS.reach",2021-03-23 15:03:00,2021-03-24 16:45:00,"ARIK.20210323.EPIPHYTON.1","ARIK.20210323.EPIPHYTON.1.TAXONOMY","A00000246511","taxonomy",125,60,NA,NA,NA,NA,NA,"glutaraldehyde",1.2,NA,"0000-0002-7071-0855","0000-0002-5760-9269","OK",NA,NA,"20230403T212358Z","PROVISIONAL"
"218","8638ca51-ec91-46dc-a8bf-da3a9de8421c","D10","ARIK","ARIK.AOS.reach",2021-03-23 15:03:00,2021-03-24 18:07:00,"ARIK.20210323.EPIPHYTON.5","ARIK.20210323.EPIPHYTON.5.AFDM.1",NA,"AFDM",125,NA,5,0.0011,2.93,202.2,1.0682,NA,NA,NA,"0000-0002-7071-0855","0000-0002-5760-9269","OK",NA,NA,"20230403T212358Z","PROVISIONAL"
"219","63a90f4c-a70d-4e06-b2db-f99518dc2f52","D10","ARIK","ARIK.AOS.reach",2021-03-23 15:03:00,2021-03-24 15:41:00,"ARIK.20210323.EPIPSAMMON.1","ARIK.20210323.EPIPSAMMON.1.TAXONOMY","A00000246496","taxonomy",126,60,NA,NA,NA,NA,NA,"glutaraldehyde",1.2,NA,"0000-0002-7071-0855","0000-0002-5760-9269","OK",NA,NA,"20230403T212358Z","PROVISIONAL"
"220","db1a0e07-997b-4938-9c7e-6e934f03aea1","D10","ARIK","ARIK.AOS.reach",2021-03-23 15:03:00,2021-03-24 17:02:00,"ARIK.20210323.EPIPHYTON.2","ARIK.20210323.EPIPHYTON.2.TAXONOMY","A00000246520","taxonomy",125,60,NA,NA,NA,NA,NA,"glutaraldehyde",1.2,NA,"0000-0002-7071-0855","0000-0002-5760-9269","OK",NA,NA,"20230403T212358Z","PROVISIONAL"
"221","fc3d0bac-d340-43ea-866f-dc320fa547ac","D10","ARIK","ARIK.AOS.reach",2021-03-23 15:03:00,2021-03-24 17:26:00,"ARIK.20210323.EPIPHYTON.3","ARIK.20210323.EPIPHYTON.3.AFDM.1",NA,"AFDM",125,NA,5,7e-04,0.82,110.1,0.5282,NA,NA,NA,"0000-0002-7071-0855","0000-0002-5760-9269","OK",NA,NA,"20230403T212358Z","PROVISIONAL"
"222","bcd3e86f-011f-4b4c-8fc5-33cf42a6c9b6","D10","ARIK","ARIK.AOS.reach",2021-03-23 15:03:00,2021-03-24 16:16:00,"ARIK.20210323.EPIPSAMMON.2","ARIK.20210323.EPIPSAMMON.2.AFDM.1",NA,"AFDM",130,NA,3,0.001,NA,NA,NA,NA,NA,NA,"0000-0002-7071-0855","0000-0002-5760-9269","OK",NA,NA,"20230403T212358Z","PROVISIONAL"
"223","fa2e8a43-d81c-4e02-910e-69a12aff18be","D10","ARIK","ARIK.AOS.reach",2021-03-23 15:03:00,2021-03-24 17:02:00,"ARIK.20210323.EPIPHYTON.2","ARIK.20210323.EPIPHYTON.2.AFDM.1",NA,"AFDM",125,NA,3,2e-04,2.2,144.9,0.8284,NA,NA,NA,"0000-0002-7071-0855","0000-0002-5760-9269","OK",NA,NA,"20230403T212358Z","PROVISIONAL"
"224","cc806c75-a923-44ca-b2d9-fceb4f9bd6f5","D10","ARIK","ARIK.AOS.reach",2021-03-23 15:03:00,2021-03-24 16:45:00,"ARIK.20210323.EPIPHYTON.1","ARIK.20210323.EPIPHYTON.1.AFDM.1",NA,"AFDM",125,NA,5,3e-04,1.12,125.3,0.4636,NA,NA,NA,"0000-0002-7071-0855","0000-0002-5760-9269","OK",NA,NA,"20230403T212358Z","PROVISIONAL"
"225","a0698986-0feb-462d-a22a-50c150e78a08","D10","ARIK","ARIK.AOS.reach",2021-03-23 15:03:00,2021-03-24 18:07:00,"ARIK.20210323.EPIPHYTON.5","ARIK.20210323.EPIPHYTON.5.TAXONOMY","A00000246535","taxonomy",125,60,NA,NA,NA,NA,NA,"glutaraldehyde",1.2,NA,"0000-0002-7071-0855","0000-0002-5760-9269","OK",NA,NA,"20230403T212358Z","PROVISIONAL"
"226","419d055b-c176-4bf3-82ca-a2be62e1b23d","D10","ARIK","ARIK.AOS.reach",2021-03-23 15:03:00,2021-03-24 17:26:00,"ARIK.20210323.EPIPHYTON.3","ARIK.20210323.EPIPHYTON.3.TAXONOMY","A00000246525","taxonomy",125,60,NA,NA,NA,NA,NA,"glutaraldehyde",1.2,NA,"0000-0002-7071-0855","0000-0002-5760-9269","OK",NA,NA,"20230403T212358Z","PROVISIONAL"
"227","1aba314d-7386-4f67-970f-116c3715a76d","D10","ARIK","ARIK.AOS.reach",2021-03-23 15:03:00,2021-03-24 16:29:00,"ARIK.20210323.EPIPSAMMON.3","ARIK.20210323.EPIPSAMMON.3.AFDM.1",NA,"AFDM",125,NA,4,0.0013,NA,NA,NA,NA,NA,NA,"0000-0002-7071-0855","0000-0002-5760-9269","OK",NA,NA,"20230403T212358Z","PROVISIONAL"
"228","d2ecc6d3-16e7-4c7c-b1c1-d8bfd4260b1b","D10","ARIK","ARIK.AOS.reach",2021-03-23 15:03:00,2021-03-24 17:40:00,"ARIK.20210323.EPIPHYTON.4","ARIK.20210323.EPIPHYTON.4.AFDM.1",NA,"AFDM",125,NA,5,0.001,3.8,200.4,1.0932,NA,NA,NA,"0000-0002-7071-0855","0000-0002-5760-9269","OK",NA,NA,"20230403T212358Z","PROVISIONAL"
"229","d51ff65e-47f4-45a3-b927-0b4d49955d9c","D10","ARIK","ARIK.AOS.reach",2021-03-23 15:03:00,2021-03-24 15:41:00,"ARIK.20210323.EPIPSAMMON.1","ARIK.20210323.EPIPSAMMON.1.AFDM.1",NA,"AFDM",126,NA,3,0.002,NA,NA,NA,NA,NA,NA,"0000-0002-7071-0855","0000-0002-5760-9269","OK",NA,NA,"20230403T212358Z","PROVISIONAL"
"230","b3b528ea-ccea-4424-b8ba-4a13a72f41b3","D10","ARIK","ARIK.AOS.reach",2021-03-23 15:03:00,2021-03-24 17:40:00,"ARIK.20210323.EPIPHYTON.4","ARIK.20210323.EPIPHYTON.4.TAXONOMY","A00000246530","taxonomy",125,60,NA,NA,NA,NA,NA,"glutaraldehyde",1.2,NA,"0000-0002-7071-0855","0000-0002-5760-9269","OK",NA,NA,"20230403T212358Z","PROVISIONAL"
"231","dccaef4c-dfad-444d-a7ce-3f3544898f59","D10","ARIK","ARIK.AOS.reach",2021-03-23 15:03:00,2021-03-24 16:29:00,"ARIK.20210323.EPIPSAMMON.3","ARIK.20210323.EPIPSAMMON.3.TAXONOMY","A00000246506","taxonomy",125,60,NA,NA,NA,NA,NA,"glutaraldehyde",1.2,NA,"0000-0002-7071-0855","0000-0002-5760-9269","OK",NA,NA,"20230403T212358Z","PROVISIONAL"
"232","a38d6be4-85a6-4d27-bb4b-83f9eda4a65d","D10","ARIK","ARIK.AOS.reach",2021-07-07 15:32:00,2021-07-08 14:58:00,"ARIK.20210707.EPIPHYTON.5","ARIK.20210707.EPIPHYTON.5.AFDM.1",NA,"AFDM",125,NA,5,4e-04,1.28,104.63,1.1137,NA,NA,NA,"0000-0002-0857-6747","0000-0002-7071-0855","OK",NA,NA,"20230403T213337Z","PROVISIONAL"
"233","8130132e-e606-4cd2-acd5-6ad3bd4bc506","D10","ARIK","ARIK.AOS.reach",2021-07-07 15:32:00,2021-07-08 15:05:00,"ARIK.20210707.EPIPSAMMON.2","ARIK.20210707.EPIPSAMMON.2.TAXONOMY","A00000247850","taxonomy",127,60,NA,NA,NA,NA,NA,"glutaraldehyde",1.2,NA,"0000-0002-0857-6747","0000-0002-7071-0855","OK",NA,NA,"20230403T213337Z","PROVISIONAL"
"234","0d111ef4-4830-46d4-bcb2-930175e0ce15","D10","ARIK","ARIK.AOS.reach",2021-07-07 15:32:00,2021-07-08 14:58:00,"ARIK.20210707.EPIPHYTON.5","ARIK.20210707.EPIPHYTON.5.TAXONOMY","A00000247881","taxonomy",125,60,NA,NA,NA,NA,NA,"glutaraldehyde",1.2,NA,"0000-0002-0857-6747","0000-0002-7071-0855","OK",NA,NA,"20230403T213337Z","PROVISIONAL"
"235","405c40d2-b9cc-4818-b142-e4d503e3275f","D10","ARIK","ARIK.AOS.S2",2021-07-07 15:32:00,2021-07-08 19:39:00,"ARIK.20210707.SESTON.1","ARIK.20210707.SESTON.1.AFDM.1",NA,"AFDM",3000,NA,250,0.0012,NA,NA,NA,NA,NA,NA,"0000-0002-0857-6747","0000-0002-7071-0855","OK",NA,NA,"20230403T213337Z","PROVISIONAL"
"236","6db874b6-16d3-4968-97bc-5ffe4231cef7","D10","ARIK","ARIK.AOS.reach",2021-07-07 15:32:00,2021-07-08 15:06:00,"ARIK.20210707.EPIPSAMMON.3","ARIK.20210707.EPIPSAMMON.3.AFDM.1",NA,"AFDM",125,NA,4,0.0028,NA,NA,NA,NA,NA,NA,"0000-0002-0857-6747","0000-0002-7071-0855","OK",NA,NA,"20230403T213337Z","PROVISIONAL"
"237","9b87cc62-4dde-456c-a64c-11e0fc380867","D10","ARIK","ARIK.AOS.reach",2021-07-07 15:32:00,2021-07-08 14:48:00,"ARIK.20210707.EPIPHYTON.2","ARIK.20210707.EPIPHYTON.2.AFDM.1",NA,"AFDM",125,NA,10,8e-04,1.09,132.33,0.9586,NA,NA,NA,"0000-0002-0857-6747","0000-0002-7071-0855","OK",NA,NA,"20230403T213337Z","PROVISIONAL"
"238","6a32f70b-95c6-457c-b142-21a4d9d569e1","D10","ARIK","ARIK.AOS.reach",2021-07-07 15:32:00,2021-07-08 14:57:00,"ARIK.20210707.EPIPHYTON.3","ARIK.20210707.EPIPHYTON.3.TAXONOMY","A00000247877","taxonomy",125,60,NA,NA,NA,NA,NA,"glutaraldehyde",1.2,NA,"0000-0002-0857-6747","0000-0002-7071-0855","OK",NA,NA,"20230403T213337Z","PROVISIONAL"
"239","ed300346-d04f-430b-8939-c4f0ee10c884","D10","ARIK","ARIK.AOS.reach",2021-07-07 15:32:00,2021-07-08 15:05:00,"ARIK.20210707.EPIPSAMMON.2","ARIK.20210707.EPIPSAMMON.2.AFDM.1",NA,"AFDM",127,NA,4,0.0063,NA,NA,NA,NA,NA,NA,"0000-0002-0857-6747","0000-0002-7071-0855","OK",NA,NA,"20230403T213337Z","PROVISIONAL"
"240","3568eb9e-8481-4128-8949-a34f96e22247","D10","ARIK","ARIK.AOS.reach",2021-07-07 15:32:00,2021-07-08 14:04:00,"ARIK.20210707.EPIPHYTON.1","ARIK.20210707.EPIPHYTON.1.TAXONOMY","A00000247896","taxonomy",125,60,NA,NA,NA,NA,NA,"glutaraldehyde",1.2,NA,"0000-0002-0857-6747","0000-0002-7071-0855","OK",NA,NA,"20230403T213337Z","PROVISIONAL"
"241","5a802709-947d-46fe-8841-548369ff350e","D10","ARIK","ARIK.AOS.reach",2021-07-07 15:32:00,2021-07-08 15:04:00,"ARIK.20210707.EPIPSAMMON.1","ARIK.20210707.EPIPSAMMON.1.AFDM.1",NA,"AFDM",130,NA,4,0.0015,NA,NA,NA,NA,NA,NA,"0000-0002-0857-6747","0000-0002-7071-0855","OK",NA,NA,"20230403T213337Z","PROVISIONAL"
"242","05a80cb1-cc47-44af-a49f-90f3b8dc66fd","D10","ARIK","ARIK.AOS.reach",2021-07-07 15:32:00,2021-07-08 14:58:00,"ARIK.20210707.EPIPHYTON.4","ARIK.20210707.EPIPHYTON.4.AFDM.1",NA,"AFDM",125,NA,10,0.0017,2.61,285.23,2.3522,NA,NA,NA,"0000-0002-0857-6747","0000-0002-7071-0855","OK",NA,NA,"20230403T213337Z","PROVISIONAL"
"243","32bd11bf-13c2-4cc6-b0f1-bbe8bf564d7b","D10","ARIK","ARIK.AOS.reach",2021-07-07 15:32:00,2021-07-08 15:04:00,"ARIK.20210707.EPIPSAMMON.1","ARIK.20210707.EPIPSAMMON.1.TAXONOMY","A00000247816","taxonomy",130,60,NA,NA,NA,NA,NA,"glutaraldehyde",1.2,NA,"0000-0002-0857-6747","0000-0002-7071-0855","OK",NA,NA,"20230403T213337Z","PROVISIONAL"
"244","a12c8ea5-c13a-4e75-b0f7-358681738208","D10","ARIK","ARIK.AOS.reach",2021-07-07 15:32:00,2021-07-08 14:58:00,"ARIK.20210707.EPIPHYTON.4","ARIK.20210707.EPIPHYTON.4.TAXONOMY","A00000247878","taxonomy",125,60,NA,NA,NA,NA,NA,"glutaraldehyde",1.2,NA,"0000-0002-0857-6747","0000-0002-7071-0855","OK",NA,NA,"20230403T213337Z","PROVISIONAL"
"245","4a44aafd-7f36-4944-8380-84e18d1afc91","D10","ARIK","ARIK.AOS.reach",2021-07-07 15:32:00,2021-07-08 15:06:00,"ARIK.20210707.EPIPSAMMON.3","ARIK.20210707.EPIPSAMMON.3.TAXONOMY","A00000247894","taxonomy",125,60,NA,NA,NA,NA,NA,"glutaraldehyde",1.2,NA,"0000-0002-0857-6747","0000-0002-7071-0855","OK",NA,NA,"20230403T213337Z","PROVISIONAL"
"246","91e63023-d7c3-4e32-8b84-a266822a2048","D10","ARIK","ARIK.AOS.reach",2021-07-07 15:32:00,2021-07-08 14:48:00,"ARIK.20210707.EPIPHYTON.2","ARIK.20210707.EPIPHYTON.2.TAXONOMY","A00000247899","taxonomy",125,60,NA,NA,NA,NA,NA,"glutaraldehyde",1.2,NA,"0000-0002-0857-6747","0000-0002-7071-0855","OK",NA,NA,"20230403T213337Z","PROVISIONAL"
"247","8e79adae-62ee-46c3-b45d-2d8ffe4891a9","D10","ARIK","ARIK.AOS.reach",2021-07-07 15:32:00,2021-07-08 14:57:00,"ARIK.20210707.EPIPHYTON.3","ARIK.20210707.EPIPHYTON.3.AFDM.1",NA,"AFDM",125,NA,10,5e-04,3.59,292.07,3.1925,NA,NA,NA,"0000-0002-0857-6747","0000-0002-7071-0855","OK",NA,NA,"20230403T213337Z","PROVISIONAL"
"248","2d11b3cf-7d8b-4919-9e60-fb33fb13929d","D10","ARIK","ARIK.AOS.reach",2021-07-07 15:32:00,2021-07-08 14:04:00,"ARIK.20210707.EPIPHYTON.1","ARIK.20210707.EPIPHYTON.1.AFDM.1",NA,"AFDM",125,NA,8,5e-04,2.84,272.69,2.3819,NA,NA,NA,"0000-0002-0857-6747","0000-0002-7071-0855","OK",NA,NA,"20230403T213337Z","PROVISIONAL"
"249","06542e12-89be-4668-a247-0984f13e0dc3","D10","ARIK","ARIK.AOS.S2",2022-03-23 16:45:00,2022-03-24 16:18:00,"ARIK.20220323.SESTON.1","ARIK.20220323.SESTON.1.AFDM.1",NA,"AFDM",3000,NA,NA,NA,NA,NA,NA,NA,NA,"The technician filtering on this day forgot to filter for this analysis type. No filter","0000-0002-7071-0855","0000-0002-9463-8595","filter missing",NA,NA,"20230403T210856Z","PROVISIONAL"
"250","755b751e-ecf1-44f1-a99a-f04e24ce664d","D10","ARIK","ARIK.AOS.reach",2022-03-23 16:45:00,2022-03-24 18:03:00,"ARIK.20220323.EPIPSAMMON.3","ARIK.20220323.EPIPSAMMON.3.AFDM.1",NA,"AFDM",142,NA,4,0.0011,NA,NA,NA,NA,NA,NA,"0000-0002-7071-0855","0000-0002-9463-8595","OK",NA,NA,"20230403T210856Z","PROVISIONAL"
"251","4434fb06-5764-4583-a6bc-b4e8594f66a6","D10","ARIK","ARIK.AOS.reach",2022-03-23 16:45:00,2022-03-24 17:19:00,"ARIK.20220323.EPIPSAMMON.1","ARIK.20220323.EPIPSAMMON.1.TAXONOMY","A00000251315","taxonomy",140,60,NA,NA,NA,NA,NA,"glutaraldehyde",1.2,NA,"0000-0002-7071-0855","0000-0002-9463-8595","OK",NA,NA,"20230403T210856Z","PROVISIONAL"
"252","8b6de80c-e345-4a49-b392-b3ae6538eed2","D10","ARIK","ARIK.AOS.reach",2022-03-23 16:45:00,2022-03-24 19:05:00,"ARIK.20220323.EPIPHYTON.2","ARIK.20220323.EPIPHYTON.2.AFDM.1",NA,"AFDM",124,NA,12,0.0031,5.54,102.56,1.359,NA,NA,NA,"0000-0002-7071-0855","0000-0002-9463-8595","OK",NA,NA,"20230403T210856Z","PROVISIONAL"
"253","27234e04-491b-4455-ad92-f3d72405fa93","D10","ARIK","ARIK.AOS.reach",2022-03-23 16:45:00,2022-03-24 17:37:00,"ARIK.20220323.EPIPSAMMON.2","ARIK.20220323.EPIPSAMMON.2.AFDM.1",NA,"AFDM",125,NA,4,9e-04,NA,NA,NA,NA,NA,NA,"0000-0002-7071-0855","0000-0002-9463-8595","OK",NA,NA,"20230403T210856Z","PROVISIONAL"
"254","54e6d174-5efb-4fa4-91ed-32af57cd99d4","D10","ARIK","ARIK.AOS.reach",2022-03-23 16:45:00,2022-03-24 19:33:00,"ARIK.20220323.EPIPHYTON.3","ARIK.20220323.EPIPHYTON.3.TAXONOMY","A00000251316","taxonomy",128,60,NA,NA,NA,NA,NA,"glutaraldehyde",1.2,NA,"0000-0002-7071-0855","0000-0002-9463-8595","OK",NA,NA,"20230403T210856Z","PROVISIONAL"
"255","a070d11a-ec53-4fbe-9556-1f635b8a06ed","D10","ARIK","ARIK.AOS.reach",2022-03-23 16:45:00,2022-03-24 18:03:00,"ARIK.20220323.EPIPSAMMON.3","ARIK.20220323.EPIPSAMMON.3.TAXONOMY","A00000251317","taxonomy",142,60,NA,NA,NA,NA,NA,"glutaraldehyde",1.2,NA,"0000-0002-7071-0855","0000-0002-9463-8595","OK",NA,NA,"20230403T210856Z","PROVISIONAL"
"256","fc00f6bb-ddc3-426d-a990-d20d25670647","D10","ARIK","ARIK.AOS.reach",2022-03-23 16:45:00,2022-03-24 19:33:00,"ARIK.20220323.EPIPHYTON.3","ARIK.20220323.EPIPHYTON.3.AFDM.1",NA,"AFDM",128,NA,4,0.0011,4.67,314.31,0.459,NA,NA,NA,"0000-0002-7071-0855","0000-0002-9463-8595","OK",NA,NA,"20230403T210856Z","PROVISIONAL"
"257","ba0aba33-27c9-41f4-804b-6b8b9f238dfd","D10","ARIK","ARIK.AOS.reach",2022-03-23 16:45:00,2022-03-24 17:37:00,"ARIK.20220323.EPIPSAMMON.2","ARIK.20220323.EPIPSAMMON.2.TAXONOMY","A00000251323","taxonomy",125,60,NA,NA,NA,NA,NA,"glutaraldehyde",1.2,NA,"0000-0002-7071-0855","0000-0002-9463-8595","OK",NA,NA,"20230403T210856Z","PROVISIONAL"
"258","2b09fda1-b962-417b-bf72-3dd73314716a","D10","ARIK","ARIK.AOS.reach",2022-03-23 16:45:00,2022-03-24 20:02:00,"ARIK.20220323.EPIPHYTON.4","ARIK.20220323.EPIPHYTON.4.AFDM.1",NA,"AFDM",126,NA,4,6e-04,3.65,179.59,0.5814,NA,NA,NA,"0000-0002-7071-0855","0000-0002-9463-8595","OK",NA,NA,"20230403T210856Z","PROVISIONAL"
"259","c80996c2-0f47-4e2d-99e1-df1db2d55bac","D10","ARIK","ARIK.AOS.reach",2022-03-23 16:45:00,2022-03-24 18:36:00,"ARIK.20220323.EPIPHYTON.1","ARIK.20220323.EPIPHYTON.1.AFDM.1",NA,"AFDM",126,NA,20,0.0012,1.3,98.29,0.4769,NA,NA,NA,"0000-0002-7071-0855","0000-0002-9463-8595","OK",NA,NA,"20230403T210856Z","PROVISIONAL"
"260","1ea59a46-937d-42a3-94e5-147446ea1ee4","D10","ARIK","ARIK.AOS.reach",2022-03-23 16:45:00,2022-03-24 19:05:00,"ARIK.20220323.EPIPHYTON.2","ARIK.20220323.EPIPHYTON.2.TAXONOMY","A00000251303","taxonomy",124,60,NA,NA,NA,NA,NA,"glutaraldehyde",1.2,NA,"0000-0002-7071-0855","0000-0002-9463-8595","OK",NA,NA,"20230403T210856Z","PROVISIONAL"
"261","f8eeaad5-62b4-43d9-a3bc-3a7d20ec55fc","D10","ARIK","ARIK.AOS.reach",2022-03-23 16:45:00,2022-03-24 18:36:00,"ARIK.20220323.EPIPHYTON.1","ARIK.20220323.EPIPHYTON.1.TAXONOMY","A00000251313","taxonomy",126,60,NA,NA,NA,NA,NA,"glutaraldehyde",1.2,NA,"0000-0002-7071-0855","0000-0002-9463-8595","OK",NA,NA,"20230403T210856Z","PROVISIONAL"
"262","176b279c-f621-494f-b240-ef4551d5780e","D10","ARIK","ARIK.AOS.reach",2022-03-23 16:45:00,2022-03-24 17:19:00,"ARIK.20220323.EPIPSAMMON.1","ARIK.20220323.EPIPSAMMON.1.AFDM.1",NA,"AFDM",140,NA,4,5e-04,NA,NA,NA,NA,NA,NA,"0000-0002-7071-0855","0000-0002-9463-8595","OK",NA,NA,"20230403T210856Z","PROVISIONAL"
"263","a2242474-40f7-4c50-9fce-c56f422987bc","D10","ARIK","ARIK.AOS.reach",2022-03-23 16:45:00,2022-03-24 20:27:00,"ARIK.20220323.EPIPHYTON.5","ARIK.20220323.EPIPHYTON.5.TAXONOMY","A00000251314","taxonomy",132,60,NA,NA,NA,NA,NA,"glutaraldehyde",1.2,NA,"0000-0002-7071-0855","0000-0002-9463-8595","OK",NA,NA,"20230403T210856Z","PROVISIONAL"
"264","350725e2-eea1-4208-be2a-e4f63296c21d","D10","ARIK","ARIK.AOS.reach",2022-03-23 16:45:00,2022-03-24 20:27:00,"ARIK.20220323.EPIPHYTON.5","ARIK.20220323.EPIPHYTON.5.AFDM.1",NA,"AFDM",132,NA,4,8e-04,2.37,169.36,0.4146,NA,NA,NA,"0000-0002-7071-0855","0000-0002-9463-8595","OK",NA,NA,"20230403T210856Z","PROVISIONAL"
"265","46958c63-d36c-492a-80ed-429edeb1ecc3","D10","ARIK","ARIK.AOS.reach",2022-03-23 16:45:00,2022-03-24 20:02:00,"ARIK.20220323.EPIPHYTON.4","ARIK.20220323.EPIPHYTON.4.TAXONOMY","A00000251304","taxonomy",126,60,NA,NA,NA,NA,NA,"glutaraldehyde",1.2,NA,"0000-0002-7071-0855","0000-0002-9463-8595","OK",NA,NA,"20230403T210856Z","PROVISIONAL"
"266","799c9cc9-3ed0-4335-97aa-8c6525cbce1d","D10","ARIK","ARIK.AOS.reach",2022-07-12 13:54:00,2022-07-13 11:52:00,"ARIK.20220712.EPIPSAMMON.2","ARIK.20220712.EPIPSAMMON.2.AFDM.1",NA,"AFDM",130,NA,5,0.0144,NA,NA,NA,NA,NA,NA,"0000-0002-9463-8595","0000-0002-7071-0855","OK",NA,NA,"20230403T212235Z","PROVISIONAL"
"267","e27ebdb5-6f08-4a02-8249-a1cf7687408c","D10","ARIK","ARIK.AOS.reach",2022-07-12 13:54:00,2022-07-13 15:48:00,"ARIK.20220712.EPIPHYTON.5","ARIK.20220712.EPIPHYTON.5.AFDM.1",NA,"AFDM",125,NA,6,0.0013,1.76,341.36,1.4395,NA,NA,NA,"0000-0002-9463-8595","0000-0002-7071-0855","OK",NA,NA,"20230403T212235Z","PROVISIONAL"
"268","5997af89-1317-4663-b0a7-b09002522442","D10","ARIK","ARIK.AOS.reach",2022-07-12 13:54:00,2022-07-13 12:20:00,"ARIK.20220712.EPIPSAMMON.3","ARIK.20220712.EPIPSAMMON.3.TAXONOMY","A00000253291","taxonomy",130,60,NA,NA,NA,NA,NA,"glutaraldehyde",1.2,NA,"0000-0002-9463-8595","0000-0002-7071-0855","OK",NA,NA,"20230403T212235Z","PROVISIONAL"
"269","a1721fa8-cf6d-49ab-ab52-85197a76c5e0","D10","ARIK","ARIK.AOS.reach",2022-07-12 13:54:00,2022-07-13 11:52:00,"ARIK.20220712.EPIPSAMMON.2","ARIK.20220712.EPIPSAMMON.2.TAXONOMY","A00000253227","taxonomy",130,60,NA,NA,NA,NA,NA,"glutaraldehyde",1.2,NA,"0000-0002-9463-8595","0000-0002-7071-0855","OK",NA,NA,"20230403T212235Z","PROVISIONAL"
"270","0f2a097a-7643-4773-8dfd-5979ee0b0d2d","D10","ARIK","ARIK.AOS.S2",2022-07-12 13:54:00,2022-07-13 14:01:00,"ARIK.20220712.SESTON.1","ARIK.20220712.SESTON.1.AFDM.1",NA,"AFDM",2000,NA,144,0.0014,NA,NA,NA,NA,NA,NA,"0000-0002-9463-8595","0000-0002-7071-0855","OK",NA,NA,"20230403T212235Z","PROVISIONAL"
"271","9bd3ed96-fd85-4418-99a2-f603425a87b0","D10","ARIK","ARIK.AOS.reach",2022-07-12 13:54:00,2022-07-13 13:24:00,"ARIK.20220712.EPIPHYTON.3","ARIK.20220712.EPIPHYTON.3.TAXONOMY","A00000253240","taxonomy",125,60,NA,NA,NA,NA,NA,"glutaraldehyde",1.2,NA,"0000-0002-9463-8595","0000-0002-7071-0855","OK",NA,NA,"20230403T212235Z","PROVISIONAL"
"272","aafb3b97-897b-4c9c-82f6-57c576da0502","D10","ARIK","ARIK.AOS.reach",2022-07-12 13:54:00,2022-07-13 12:20:00,"ARIK.20220712.EPIPSAMMON.3","ARIK.20220712.EPIPSAMMON.3.AFDM.1",NA,"AFDM",130,NA,5,0.0125,NA,NA,NA,NA,NA,NA,"0000-0002-9463-8595","0000-0002-7071-0855","OK",NA,NA,"20230403T212235Z","PROVISIONAL"
"273","e23b59d9-e1a2-4dea-8a6e-1b6eb63b7cb3","D10","ARIK","ARIK.AOS.reach",2022-07-12 13:54:00,2022-07-13 13:24:00,"ARIK.20220712.EPIPHYTON.3","ARIK.20220712.EPIPHYTON.3.AFDM.1",NA,"AFDM",125,NA,6,7e-04,0.96,205.9,0.8647,NA,NA,NA,"0000-0002-9463-8595","0000-0002-7071-0855","OK",NA,NA,"20230403T212235Z","PROVISIONAL"
"274","b8291f24-212a-47e9-820d-49fbccb38b1a","D10","ARIK","ARIK.AOS.reach",2022-07-12 13:54:00,2022-07-13 12:38:00,"ARIK.20220712.EPIPHYTON.1","ARIK.20220712.EPIPHYTON.1.TAXONOMY","A00000253304","taxonomy",125,60,NA,NA,NA,NA,NA,"glutaraldehyde",1.2,NA,"0000-0002-9463-8595","0000-0002-7071-0855","OK",NA,NA,"20230403T212235Z","PROVISIONAL"
"275","783e3c32-37df-4023-9bd8-ac32d6716cfc","D10","ARIK","ARIK.AOS.reach",2022-07-12 13:54:00,2022-07-13 12:59:00,"ARIK.20220712.EPIPHYTON.2","ARIK.20220712.EPIPHYTON.2.TAXONOMY","A00000253289","taxonomy",125,60,NA,NA,NA,NA,NA,"glutaraldehyde",1.2,NA,"0000-0002-9463-8595","0000-0002-7071-0855","OK",NA,NA,"20230403T212235Z","PROVISIONAL"
"276","b5fcf7dd-2fed-4bc2-ab74-ea0c25d3ef3e","D10","ARIK","ARIK.AOS.reach",2022-07-12 13:54:00,2022-07-13 15:15:00,"ARIK.20220712.EPIPHYTON.4","ARIK.20220712.EPIPHYTON.4.TAXONOMY","A00000253223","taxonomy",125,60,NA,NA,NA,NA,NA,"glutaraldehyde",1.2,NA,"0000-0002-9463-8595","0000-0002-7071-0855","OK",NA,NA,"20230403T212235Z","PROVISIONAL"
"277","0a4622eb-38ff-49ef-8e8e-c8611862b9eb","D10","ARIK","ARIK.AOS.reach",2022-07-12 13:54:00,2022-07-13 15:15:00,"ARIK.20220712.EPIPHYTON.4","ARIK.20220712.EPIPHYTON.4.AFDM.1",NA,"AFDM",125,NA,6,0.0018,2.44,391.26,1.4847,NA,NA,NA,"0000-0002-9463-8595","0000-0002-7071-0855","OK",NA,NA,"20230403T212235Z","PROVISIONAL"
"278","8cfa8ef1-bb8a-4119-8c04-9b4104b82165","D10","ARIK","ARIK.AOS.reach",2022-07-12 13:54:00,2022-07-13 11:23:00,"ARIK.20220712.EPIPSAMMON.1","ARIK.20220712.EPIPSAMMON.1.AFDM.1",NA,"AFDM",134,NA,5,0.0054,NA,NA,NA,NA,NA,NA,"0000-0002-9463-8595","0000-0002-7071-0855","OK",NA,NA,"20230403T212235Z","PROVISIONAL"
"279","dd069911-cd8f-48f4-a5d3-7d9809ba614b","D10","ARIK","ARIK.AOS.reach",2022-07-12 13:54:00,2022-07-13 12:59:00,"ARIK.20220712.EPIPHYTON.2","ARIK.20220712.EPIPHYTON.2.AFDM.1",NA,"AFDM",125,NA,10,0.0016,1.29,357.27,0.6795,NA,NA,NA,"0000-0002-9463-8595","0000-0002-7071-0855","OK",NA,NA,"20230403T212235Z","PROVISIONAL"
"280","5e928209-9e3c-4a93-b085-c6dedf5192eb","D10","ARIK","ARIK.AOS.reach",2022-07-12 13:54:00,2022-07-13 15:48:00,"ARIK.20220712.EPIPHYTON.5","ARIK.20220712.EPIPHYTON.5.TAXONOMY","A00000253285","taxonomy",125,60,NA,NA,NA,NA,NA,"glutaraldehyde",1.2,NA,"0000-0002-9463-8595","0000-0002-7071-0855","OK",NA,NA,"20230403T212235Z","PROVISIONAL"
"281","d39c2499-f804-4800-ae61-810e63ea0194","D10","ARIK","ARIK.AOS.reach",2022-07-12 13:54:00,2022-07-13 11:23:00,"ARIK.20220712.EPIPSAMMON.1","ARIK.20220712.EPIPSAMMON.1.TAXONOMY","A00000253228","taxonomy",134,60,NA,NA,NA,NA,NA,"glutaraldehyde",1.2,NA,"0000-0002-9463-8595","0000-0002-7071-0855","OK",NA,NA,"20230403T212235Z","PROVISIONAL"
"282","2a8b3d0f-fe4c-4983-9d19-b011c25ddd32","D10","ARIK","ARIK.AOS.reach",2022-07-12 13:54:00,2022-07-13 12:38:00,"ARIK.20220712.EPIPHYTON.1","ARIK.20220712.EPIPHYTON.1.AFDM.1",NA,"AFDM",125,NA,10,6e-04,0.86,293.7,0.7247,NA,NA,NA,"0000-0002-9463-8595","0000-0002-7071-0855","OK",NA,NA,"20230403T212235Z","PROVISIONAL"
"283","258fca5b-ff3e-43ef-acf3-a7cbda06e4ec","D10","ARIK","ARIK.AOS.reach",2022-11-15 15:11:00,2022-11-16 15:11:00,"ARIK.20221115.EPIPHYTON.5","ARIK.20221115.EPIPHYTON.5.TAXONOMY","A00000253522","taxonomy",125,60,NA,NA,NA,NA,NA,"glutaraldehyde",1.2,NA,"0000-0002-7071-0855","0000-0002-9463-8595","OK",NA,NA,"20230207T170606Z","PROVISIONAL"
"284","a5c2b8ad-01ad-4cc4-a96f-c77bd577d1b5","D10","ARIK","ARIK.AOS.reach",2022-11-15 15:11:00,2022-11-16 14:41:00,"ARIK.20221115.EPIPHYTON.3","ARIK.20221115.EPIPHYTON.3.TAXONOMY","A00000253890","taxonomy",125,60,NA,NA,NA,NA,NA,"glutaraldehyde",1.2,NA,"0000-0002-7071-0855","0000-0002-9463-8595","OK",NA,NA,"20230207T170606Z","PROVISIONAL"
"285","88d3b4f2-cf0e-4d8d-9914-b7efd6e15b56","D10","ARIK","ARIK.AOS.reach",2022-11-15 15:11:00,2022-11-16 15:11:00,"ARIK.20221115.EPIPHYTON.5","ARIK.20221115.EPIPHYTON.5.AFDM.1",NA,"AFDM",125,NA,5,3e-04,3.83,3010.6,1.7808,NA,NA,NA,"0000-0002-7071-0855","0000-0002-9463-8595","OK",NA,NA,"20230207T170606Z","PROVISIONAL"
"286","fdd4fd5e-b5c9-4a87-a0f4-b0ceacc26c74","D10","ARIK","ARIK.AOS.reach",2022-11-15 15:11:00,2022-11-16 14:41:00,"ARIK.20221115.EPIPHYTON.3","ARIK.20221115.EPIPHYTON.3.AFDM.1",NA,"AFDM",125,NA,10,0.0013,3.15,1857.7,2.0085,NA,NA,NA,"0000-0002-7071-0855","0000-0002-9463-8595","OK",NA,NA,"20230207T170606Z","PROVISIONAL"
"287","f168d2b7-d650-4ecc-9b51-ab08d8f34793","D10","ARIK","ARIK.AOS.reach",2022-11-15 15:11:00,2022-11-16 14:57:00,"ARIK.20221115.EPIPHYTON.4","ARIK.20221115.EPIPHYTON.4.TAXONOMY","A00000253903","taxonomy",125,60,NA,NA,NA,NA,NA,"glutaraldehyde",1.2,NA,"0000-0002-7071-0855","0000-0002-9463-8595","OK",NA,NA,"20230207T170606Z","PROVISIONAL"
"288","d39366a0-85c1-4c3b-9f92-bb3139304fe6","D10","ARIK","ARIK.AOS.reach",2022-11-15 15:11:00,2022-11-16 13:39:00,"ARIK.20221115.EPIPHYTON.1","ARIK.20221115.EPIPHYTON.1.TAXONOMY","A00000253886","taxonomy",125,60,NA,NA,NA,NA,NA,"glutaraldehyde",1.2,NA,"0000-0002-7071-0855","0000-0002-9463-8595","OK",NA,NA,"20230207T170606Z","PROVISIONAL"
"289","fe58fc8a-58ef-4878-87f4-514a9a57c3e1","D10","ARIK","ARIK.AOS.reach",2022-11-15 15:11:00,2022-11-16 14:57:00,"ARIK.20221115.EPIPHYTON.4","ARIK.20221115.EPIPHYTON.4.AFDM.1",NA,"AFDM",125,NA,10,8e-04,2.78,1655,1.9899,NA,NA,NA,"0000-0002-7071-0855","0000-0002-9463-8595","OK",NA,NA,"20230207T170606Z","PROVISIONAL"
"290","ba8b310e-2a4a-4bd5-bdca-a5f173c76e3f","D10","ARIK","ARIK.AOS.reach",2022-11-15 15:11:00,2022-11-16 13:39:00,"ARIK.20221115.EPIPHYTON.1","ARIK.20221115.EPIPHYTON.1.AFDM.1",NA,"AFDM",125,NA,10,6e-04,1.78,1455.6,1.1883,NA,NA,NA,"0000-0002-7071-0855","0000-0002-9463-8595","OK",NA,NA,"20230207T170606Z","PROVISIONAL"
"291","e3d3309e-1466-4135-bd64-c150e83ed51c","D10","ARIK","ARIK.AOS.reach",2022-11-15 15:11:00,2022-11-16 14:12:00,"ARIK.20221115.EPIPHYTON.2","ARIK.20221115.EPIPHYTON.2.TAXONOMY","A00000253913","taxonomy",125,60,NA,NA,NA,NA,NA,"glutaraldehyde",1.2,NA,"0000-0002-7071-0855","0000-0002-9463-8595","OK",NA,NA,"20230207T170606Z","PROVISIONAL"
"292","107aac37-99bc-4f57-a48a-afe368d987f6","D10","ARIK","ARIK.AOS.reach",2022-11-15 15:11:00,2022-11-16 14:12:00,"ARIK.20221115.EPIPHYTON.2","ARIK.20221115.EPIPHYTON.2.AFDM.1",NA,"AFDM",125,NA,10,0.0015,2.45,1611.3,1.7338,NA,NA,NA,"0000-0002-7071-0855","0000-0002-9463-8595","OK",NA,NA,"20230207T170606Z","PROVISIONAL"
