"","uid","domainID","siteID","namedLocation","collectDate","sampleID","sampleCode","batchID","sampleCondition","laboratoryName","analysisDate","analyzedBy","sampleType","replicate","sampleVolumeFiltered","filterSize","percentFilterAnalyzed","analyte","analyteConcentration","plantAlgaeLabUnits","testMethod","method","acidTreatment","externalRemarks","externalLabDataQF","publicationDate","release","habitat"
"1","6db15ffd-2ee7-482c-b8f6-f4c7a35259db","D12","BLDE","BLDE.AOS.reach",2018-07-31,"BLDE.20180731.EPILITHON.1.P.1","A00000031212",NA,"condition ok","SIRFER Lab at University of Utah",2018-12-29,"a1rVWpE0V4zMCUk591/P0Q==","P","1",10,25,100,"phosphorus",167.32,"microgramsPerLiter","ICPMetalsLab_P_V1.2","Ivanov et al 2012",NA,NA,NA,"20221128T175724Z","RELEASE-2023","EPI"
"2","536fff7b-fa33-42b0-86cd-aca973a5a4eb","D12","BLDE","BLDE.AOS.reach",2018-07-31,"BLDE.20180731.EPILITHON.5.P.1","A00000031235",NA,"condition ok","SIRFER Lab at University of Utah",2018-12-29,"a1rVWpE0V4zMCUk591/P0Q==","P","1",5,25,100,"phosphorus",553.8,"microgramsPerLiter","ICPMetalsLab_P_V1.2","Ivanov et al 2012",NA,NA,NA,"20221128T175724Z","RELEASE-2023","EPI"
"3","32281af6-2cec-4025-bdb7-e20e2d57f01a","D12","BLDE","BLDE.AOS.reach",2018-07-31,"BLDE.20180731.EPILITHON.2.P.1","A00000031210",NA,"condition ok","SIRFER Lab at University of Utah",2018-12-29,"a1rVWpE0V4zMCUk591/P0Q==","P","1",10,25,100,"phosphorus",282.26,"microgramsPerLiter","ICPMetalsLab_P_V1.2","Ivanov et al 2012",NA,NA,NA,"20221128T175724Z","RELEASE-2023","EPI"
"4","2c290ffb-82b1-4ab4-b219-39461be36246","D12","BLDE","BLDE.AOS.reach",2018-07-31,"BLDE.20180731.EPILITHON.8.P.1","A00000031233",NA,"condition ok","SIRFER Lab at University of Utah",2018-12-29,"a1rVWpE0V4zMCUk591/P0Q==","P","1",5,25,100,"phosphorus",571.72,"microgramsPerLiter","ICPMetalsLab_P_V1.2","Ivanov et al 2012",NA,NA,NA,"20221128T175724Z","RELEASE-2023","EPI"
"5","93b9a808-021e-45aa-9d96-27223c1cbad7","D12","BLDE","BLDE.AOS.reach",2018-07-31,"BLDE.20180731.EPILITHON.3.P.1","A00000031266",NA,"condition ok","SIRFER Lab at University of Utah",2018-12-29,"a1rVWpE0V4zMCUk591/P0Q==","P","1",5,25,100,"phosphorus",1186.12,"microgramsPerLiter","ICPMetalsLab_P_V1.2","Ivanov et al 2012",NA,NA,NA,"20221128T175724Z","RELEASE-2023","EPI"
"6","ab1ba812-9f72-4799-9b68-7fc204295b6b","D12","BLDE","BLDE.AOS.reach",2018-07-31,"BLDE.20180731.EPILITHON.6.P.1","A00000031236",NA,"condition ok","SIRFER Lab at University of Utah",2018-12-29,"a1rVWpE0V4zMCUk591/P0Q==","P","1",4,25,100,"phosphorus",921.33,"microgramsPerLiter","ICPMetalsLab_P_V1.2","Ivanov et al 2012",NA,NA,NA,"20221128T175724Z","RELEASE-2023","EPI"
"7","b72ce229-1f35-4e4b-b32a-9a31c558e6dc","D12","BLDE","BLDE.AOS.reach",2018-07-31,"BLDE.20180731.EPILITHON.4.P.1","A00000031263",NA,"condition ok","SIRFER Lab at University of Utah",2018-12-29,"a1rVWpE0V4zMCUk591/P0Q==","P","1",10,25,100,"phosphorus",356.21,"microgramsPerLiter","ICPMetalsLab_P_V1.2","Ivanov et al 2012",NA,NA,NA,"20221128T175724Z","RELEASE-2023","EPI"
"8","b39e3113-5c26-4faf-88c8-d18c88d4f292","D12","BLDE","BLDE.AOS.reach",2018-07-31,"BLDE.20180731.EPILITHON.7.P.1","A00000031234",NA,"condition ok","SIRFER Lab at University of Utah",2018-12-29,"a1rVWpE0V4zMCUk591/P0Q==","P","1",5,25,100,"phosphorus",348.86,"microgramsPerLiter","ICPMetalsLab_P_V1.2","Ivanov et al 2012",NA,NA,NA,"20221128T175724Z","RELEASE-2023","EPI"
"9","4d8596d3-c073-4bb8-9fe1-53b56a29cddc","D12","BLDE","BLDE.AOS.reach",2018-07-31,"BLDE.20180731.EPILITHON.6.CNSA.1","A00000031254",NA,"condition ok","SIRFER Lab at University of Utah",2018-10-31,"ElFtGy1kV49xqNP00HfxQA==","CNS","1",5,25,100,"nitrogen",11345.14,"microgramsPerLiter","SIRFER_algalPlantChem_isotopes_V1","Revesz & Coplen 2012a",NA,NA,NA,"20221128T175724Z","RELEASE-2023","EPI"
"10","9fbf7d33-fc33-468d-b8df-d4370c792129","D12","BLDE","BLDE.AOS.reach",2018-07-31,"BLDE.20180731.EPILITHON.5.CNSA.1","A00000031265",NA,"condition ok","SIRFER Lab at University of Utah",2018-10-31,"ElFtGy1kV49xqNP00HfxQA==","CNS","1",5,25,100,"carbon",69628.87,"microgramsPerLiter","SIRFER_algalPlantChem_isotopes_V1","Revesz & Coplen 2012a","N",NA,NA,"20221128T175724Z","RELEASE-2023","EPI"
"11","2d9569c5-da07-43fc-bcdd-92b1b585f2e4","D12","BLDE","BLDE.AOS.reach",2018-07-31,"BLDE.20180731.EPILITHON.7.CNSA.1","A00000031253",NA,"condition ok","SIRFER Lab at University of Utah",2018-10-31,"ElFtGy1kV49xqNP00HfxQA==","CNS","1",5,25,100,"nitrogen",4277.97,"microgramsPerLiter","SIRFER_algalPlantChem_isotopes_V1","Revesz & Coplen 2012a",NA,NA,NA,"20221128T175724Z","RELEASE-2023","EPI"
"12","32d751b0-85f8-4947-bf4f-1a899d45bdb7","D12","BLDE","BLDE.AOS.reach",2018-07-31,"BLDE.20180731.EPILITHON.7.CNSA.1","A00000031253",NA,"condition ok","SIRFER Lab at University of Utah",2018-10-31,"ElFtGy1kV49xqNP00HfxQA==","CNS","1",5,25,100,"carbon",28885.08,"microgramsPerLiter","SIRFER_algalPlantChem_isotopes_V1","Revesz & Coplen 2012a","N",NA,NA,"20221128T175724Z","RELEASE-2023","EPI"
"13","10a39fe2-1ac7-4533-a7ac-2e8d225a32f0","D12","BLDE","BLDE.AOS.reach",2018-07-31,"BLDE.20180731.EPILITHON.3.CNSA.1","A00000031240",NA,"condition ok","SIRFER Lab at University of Utah",2018-10-31,"ElFtGy1kV49xqNP00HfxQA==","CNS","1",5,25,100,"nitrogen",21805.95,"microgramsPerLiter","SIRFER_algalPlantChem_isotopes_V1","Revesz & Coplen 2012a",NA,NA,NA,"20221128T175724Z","RELEASE-2023","EPI"
"14","201ec5f5-b199-4db7-ae61-b0d8f921be9e","D12","BLDE","BLDE.AOS.reach",2018-07-31,"BLDE.20180731.EPILITHON.8.CNSA.1","A00000031249",NA,"condition ok","SIRFER Lab at University of Utah",2018-10-31,"ElFtGy1kV49xqNP00HfxQA==","CNS","1",5,25,100,"carbon",43831.14,"microgramsPerLiter","SIRFER_algalPlantChem_isotopes_V1","Revesz & Coplen 2012a","N",NA,NA,"20221128T175724Z","RELEASE-2023","EPI"
"15","c804853c-52e5-449c-816c-ed7dc0e5a792","D12","BLDE","BLDE.AOS.reach",2018-07-31,"BLDE.20180731.EPILITHON.2.CNSA.1","A00000031222",NA,"condition ok","SIRFER Lab at University of Utah",2018-10-31,"ElFtGy1kV49xqNP00HfxQA==","CNS","1",10,25,100,"carbon",34515.58,"microgramsPerLiter","SIRFER_algalPlantChem_isotopes_V1","Revesz & Coplen 2012a","N",NA,NA,"20221128T175724Z","RELEASE-2023","EPI"
"16","0e0018f1-7646-4844-abf2-2a499bafbd38","D12","BLDE","BLDE.AOS.reach",2018-07-31,"BLDE.20180731.EPILITHON.4.CNSA.1","A00000031261",NA,"condition ok","SIRFER Lab at University of Utah",2018-10-31,"ElFtGy1kV49xqNP00HfxQA==","CNS","1",10,25,100,"carbon",29094.4,"microgramsPerLiter","SIRFER_algalPlantChem_isotopes_V1","Revesz & Coplen 2012a","N",NA,NA,"20221128T175724Z","RELEASE-2023","EPI"
"17","dbd55ddc-97a4-4e5d-b4bc-dd83be7f4806","D12","BLDE","BLDE.AOS.reach",2018-07-31,"BLDE.20180731.EPILITHON.6.CNSA.1","A00000031254",NA,"condition ok","SIRFER Lab at University of Utah",2018-10-31,"ElFtGy1kV49xqNP00HfxQA==","CNS","1",5,25,100,"carbon",90087.97,"microgramsPerLiter","SIRFER_algalPlantChem_isotopes_V1","Revesz & Coplen 2012a","N",NA,NA,"20221128T175724Z","RELEASE-2023","EPI"
"18","346d2898-b43f-478a-8af1-9fb687ae1ee2","D12","BLDE","BLDE.AOS.reach",2018-07-31,"BLDE.20180731.EPILITHON.3.CNSA.1","A00000031240",NA,"condition ok","SIRFER Lab at University of Utah",2018-10-31,"ElFtGy1kV49xqNP00HfxQA==","CNS","1",5,25,100,"carbon",119583.55,"microgramsPerLiter","SIRFER_algalPlantChem_isotopes_V1","Revesz & Coplen 2012a","N",NA,NA,"20221128T175724Z","RELEASE-2023","EPI"
"19","9e2f188c-bb3c-4588-95e8-5d5a2460196d","D12","BLDE","BLDE.AOS.reach",2018-07-31,"BLDE.20180731.EPILITHON.4.CNSA.1","A00000031261",NA,"condition ok","SIRFER Lab at University of Utah",2018-10-31,"ElFtGy1kV49xqNP00HfxQA==","CNS","1",10,25,100,"nitrogen",4704.15,"microgramsPerLiter","SIRFER_algalPlantChem_isotopes_V1","Revesz & Coplen 2012a",NA,NA,NA,"20221128T175724Z","RELEASE-2023","EPI"
"20","ff676015-ad2f-4cef-8f22-c25e857ce20d","D12","BLDE","BLDE.AOS.reach",2018-07-31,"BLDE.20180731.EPILITHON.1.CNSA.1","A00000031238",NA,"condition ok","SIRFER Lab at University of Utah",2018-10-31,"ElFtGy1kV49xqNP00HfxQA==","CNS","1",10,25,100,"carbon",17549.67,"microgramsPerLiter","SIRFER_algalPlantChem_isotopes_V1","Revesz & Coplen 2012a","N",NA,NA,"20221128T175724Z","RELEASE-2023","EPI"
"21","d9e04dae-d97d-4465-872a-ecbd8b464869","D12","BLDE","BLDE.AOS.reach",2018-07-31,"BLDE.20180731.EPILITHON.2.CNSA.1","A00000031222",NA,"condition ok","SIRFER Lab at University of Utah",2018-10-31,"ElFtGy1kV49xqNP00HfxQA==","CNS","1",10,25,100,"nitrogen",4145.71,"microgramsPerLiter","SIRFER_algalPlantChem_isotopes_V1","Revesz & Coplen 2012a",NA,NA,NA,"20221128T175724Z","RELEASE-2023","EPI"
"22","0c895aa9-c3d9-4e15-95cd-57443b99f07e","D12","BLDE","BLDE.AOS.reach",2018-07-31,"BLDE.20180731.EPILITHON.8.CNSA.1","A00000031249",NA,"condition ok","SIRFER Lab at University of Utah",2018-10-31,"ElFtGy1kV49xqNP00HfxQA==","CNS","1",5,25,100,"nitrogen",6351.02,"microgramsPerLiter","SIRFER_algalPlantChem_isotopes_V1","Revesz & Coplen 2012a",NA,NA,NA,"20221128T175724Z","RELEASE-2023","EPI"
"23","b036b3ed-eeed-4aba-b27d-e7f89e8d865a","D12","BLDE","BLDE.AOS.reach",2018-07-31,"BLDE.20180731.EPILITHON.1.CNSA.1","A00000031238",NA,"condition ok","SIRFER Lab at University of Utah",2018-10-31,"ElFtGy1kV49xqNP00HfxQA==","CNS","1",10,25,100,"nitrogen",2244.59,"microgramsPerLiter","SIRFER_algalPlantChem_isotopes_V1","Revesz & Coplen 2012a",NA,NA,NA,"20221128T175724Z","RELEASE-2023","EPI"
"24","352ce5e5-428f-4ec1-be13-4b4776257302","D12","BLDE","BLDE.AOS.reach",2018-07-31,"BLDE.20180731.EPILITHON.5.CNSA.1","A00000031265",NA,"condition ok","SIRFER Lab at University of Utah",2018-10-31,"ElFtGy1kV49xqNP00HfxQA==","CNS","1",5,25,100,"nitrogen",11508.19,"microgramsPerLiter","SIRFER_algalPlantChem_isotopes_V1","Revesz & Coplen 2012a",NA,NA,NA,"20221128T175724Z","RELEASE-2023","EPI"
"25","ed4d7cc8-1ede-469a-a7ae-64b9049e4a91","D12","BLDE","BLDE.AOS.reach",2018-09-11,"BLDE.20180911.EPILITHON.6.P.1","A00000053533","18-386","condition ok","SIRFER Lab at University of Utah",2019-02-06,"a1rVWpE0V4zMCUk591/P0Q==","P","1",8,25,100,"phosphorus",432.96,"microgramsPerLiter","ICPMetalsLab_P_V1.2","Ivanov et al 2012",NA,NA,NA,"20221128T185959Z","RELEASE-2023","EPI"
"26","36e2e05d-3d40-46ce-ac27-4d3480d79c67","D12","BLDE","BLDE.AOS.reach",2018-09-11,"BLDE.20180911.EPILITHON.8.P.1","A00000053481","18-386","condition ok","SIRFER Lab at University of Utah",2019-02-06,"a1rVWpE0V4zMCUk591/P0Q==","P","1",8,25,100,"phosphorus",844.55,"microgramsPerLiter","ICPMetalsLab_P_V1.2","Ivanov et al 2012",NA,NA,NA,"20221128T185959Z","RELEASE-2023","EPI"
"27","be6ccd7c-a38a-46c3-8069-18401fa488b9","D12","BLDE","BLDE.AOS.reach",2018-09-11,"BLDE.20180911.EPILITHON.7.P.1","A00000053532","18-386","condition ok","SIRFER Lab at University of Utah",2019-02-06,"a1rVWpE0V4zMCUk591/P0Q==","P","1",8,25,100,"phosphorus",478.06,"microgramsPerLiter","ICPMetalsLab_P_V1.2","Ivanov et al 2012",NA,NA,NA,"20221128T185959Z","RELEASE-2023","EPI"
"28","964bc431-a1bd-47d7-9e60-c2b55ba8307b","D12","BLDE","BLDE.AOS.reach",2018-09-11,"BLDE.20180911.EPILITHON.3.P.1","A00000053432","18-386","condition ok","SIRFER Lab at University of Utah",2019-02-06,"a1rVWpE0V4zMCUk591/P0Q==","P","1",6,25,100,"phosphorus",366.83,"microgramsPerLiter","ICPMetalsLab_P_V1.2","Ivanov et al 2012",NA,NA,NA,"20221128T185959Z","RELEASE-2023","EPI"
"29","eacb8dd6-c841-4865-9b3e-fc198eaf88a1","D12","BLDE","BLDE.AOS.reach",2018-09-11,"BLDE.20180911.EPILITHON.2.P.1","A00000053433","18-386","condition ok","SIRFER Lab at University of Utah",2019-02-06,"a1rVWpE0V4zMCUk591/P0Q==","P","1",6,25,100,"phosphorus",688.87,"microgramsPerLiter","ICPMetalsLab_P_V1.2","Ivanov et al 2012",NA,NA,NA,"20221128T185959Z","RELEASE-2023","EPI"
"30","83efdfc9-5a3d-4d05-9d57-241849c0aaff","D12","BLDE","BLDE.AOS.reach",2018-09-11,"BLDE.20180911.EPILITHON.5.P.1","A00000053448","18-386","condition ok","SIRFER Lab at University of Utah",2019-02-06,"a1rVWpE0V4zMCUk591/P0Q==","P","1",8,25,100,"phosphorus",403.04,"microgramsPerLiter","ICPMetalsLab_P_V1.2","Ivanov et al 2012",NA,NA,NA,"20221128T185959Z","RELEASE-2023","EPI"
"31","3dfe8f49-5337-4eef-8d0f-cb6626d7c5c9","D12","BLDE","BLDE.AOS.reach",2018-09-11,"BLDE.20180911.EPILITHON.4.P.1","A00000053431","18-386","condition ok","SIRFER Lab at University of Utah",2019-02-06,"a1rVWpE0V4zMCUk591/P0Q==","P","1",6,25,100,"phosphorus",456.57,"microgramsPerLiter","ICPMetalsLab_P_V1.2","Ivanov et al 2012",NA,NA,NA,"20221128T185959Z","RELEASE-2023","EPI"
"32","ac80ac96-e99d-4487-a1c2-2de719f7819e","D12","BLDE","BLDE.AOS.reach",2018-09-11,"BLDE.20180911.EPILITHON.1.P.1","A00000053467","18-386","condition ok","SIRFER Lab at University of Utah",2019-02-06,"a1rVWpE0V4zMCUk591/P0Q==","P","1",6,25,100,"phosphorus",1092.09,"microgramsPerLiter","ICPMetalsLab_P_V1.2","Ivanov et al 2012",NA,NA,NA,"20221128T185959Z","RELEASE-2023","EPI"
"33","cdefd3ea-64d8-46af-a791-e17e680e773a","D12","BLDE","BLDE.AOS.reach",2018-09-11,"BLDE.20180911.EPILITHON.4.CNSA.1","A00000053415",NA,"condition ok","SIRFER Lab at University of Utah",2019-01-09,"ElFtGy1kV49xqNP00HfxQA==","CNS","1",6,25,100,"nitrogen",NA,"microgramsPerLiter","SIRFER_algalPlantChem_isotopes_V1","Revesz & Coplen 2012a",NA,NA,NA,"20221128T185959Z","RELEASE-2023","EPI"
"34","c1f107cc-4bdc-49aa-bef8-dbe029d9cae3","D12","BLDE","BLDE.AOS.reach",2018-09-11,"BLDE.20180911.EPILITHON.5.CNSA.1","A00000053482",NA,"condition ok","SIRFER Lab at University of Utah",2019-01-09,"ElFtGy1kV49xqNP00HfxQA==","CNS","1",8,25,100,"nitrogen",NA,"microgramsPerLiter","SIRFER_algalPlantChem_isotopes_V1","Revesz & Coplen 2012a",NA,NA,NA,"20221128T185959Z","RELEASE-2023","EPI"
"35","2c597b7e-a766-4560-a69d-9ef937b0f859","D12","BLDE","BLDE.AOS.reach",2018-09-11,"BLDE.20180911.EPILITHON.4.CNSA.1","A00000053415",NA,"condition ok","SIRFER Lab at University of Utah",2019-01-09,"ElFtGy1kV49xqNP00HfxQA==","CNS","1",6,25,100,"carbon",NA,"microgramsPerLiter","SIRFER_algalPlantChem_isotopes_V1","Revesz & Coplen 2012a","N",NA,NA,"20221128T185959Z","RELEASE-2023","EPI"
"36","c925df9a-0647-4b6a-8c81-f48c36732ef5","D12","BLDE","BLDE.AOS.reach",2018-09-11,"BLDE.20180911.EPILITHON.7.CNSA.1","A00000053498",NA,"condition ok","SIRFER Lab at University of Utah",2019-01-09,"ElFtGy1kV49xqNP00HfxQA==","CNS","1",8,25,100,"nitrogen",NA,"microgramsPerLiter","SIRFER_algalPlantChem_isotopes_V1","Revesz & Coplen 2012a",NA,NA,NA,"20221128T185959Z","RELEASE-2023","EPI"
"37","37eac1bd-4409-431d-883f-f8085bd1df45","D12","BLDE","BLDE.AOS.reach",2018-09-11,"BLDE.20180911.EPILITHON.8.CNSA.1","A00000053447",NA,"condition ok","SIRFER Lab at University of Utah",2019-01-09,"ElFtGy1kV49xqNP00HfxQA==","CNS","1",8,25,100,"nitrogen",NA,"microgramsPerLiter","SIRFER_algalPlantChem_isotopes_V1","Revesz & Coplen 2012a",NA,NA,NA,"20221128T185959Z","RELEASE-2023","EPI"
"38","1ea43dc1-382a-42af-affc-0bf2eab8c3f9","D12","BLDE","BLDE.AOS.reach",2018-09-11,"BLDE.20180911.EPILITHON.6.CNSA.1","A00000053499",NA,"condition ok","SIRFER Lab at University of Utah",2019-01-09,"ElFtGy1kV49xqNP00HfxQA==","CNS","1",8,25,100,"carbon",NA,"microgramsPerLiter","SIRFER_algalPlantChem_isotopes_V1","Revesz & Coplen 2012a","N",NA,NA,"20221128T185959Z","RELEASE-2023","EPI"
"39","3319dced-134e-4036-b835-023c4b4b73b3","D12","BLDE","BLDE.AOS.reach",2018-09-11,"BLDE.20180911.EPILITHON.8.CNSA.1","A00000053447",NA,"condition ok","SIRFER Lab at University of Utah",2019-01-09,"ElFtGy1kV49xqNP00HfxQA==","CNS","1",8,25,100,"carbon",NA,"microgramsPerLiter","SIRFER_algalPlantChem_isotopes_V1","Revesz & Coplen 2012a","N",NA,NA,"20221128T185959Z","RELEASE-2023","EPI"
"40","1c35158b-6614-4428-805a-ef5f037ed610","D12","BLDE","BLDE.AOS.reach",2018-09-11,"BLDE.20180911.EPILITHON.3.CNSA.1","A00000053449",NA,"condition ok","SIRFER Lab at University of Utah",2019-01-09,"ElFtGy1kV49xqNP00HfxQA==","CNS","1",6,25,100,"carbon",NA,"microgramsPerLiter","SIRFER_algalPlantChem_isotopes_V1","Revesz & Coplen 2012a","N",NA,NA,"20221128T185959Z","RELEASE-2023","EPI"
"41","c3e0f813-a63b-41ab-9c07-18ce2ac741f8","D12","BLDE","BLDE.AOS.reach",2018-09-11,"BLDE.20180911.EPILITHON.2.CNSA.1","A00000053517",NA,"condition ok","SIRFER Lab at University of Utah",2019-01-09,"ElFtGy1kV49xqNP00HfxQA==","CNS","1",6,25,100,"nitrogen",NA,"microgramsPerLiter","SIRFER_algalPlantChem_isotopes_V1","Revesz & Coplen 2012a",NA,NA,NA,"20221128T185959Z","RELEASE-2023","EPI"
"42","da4c95d5-3741-45c6-9d25-0eaf47685172","D12","BLDE","BLDE.AOS.reach",2018-09-11,"BLDE.20180911.EPILITHON.1.CNSA.1","A00000053501",NA,"condition ok","SIRFER Lab at University of Utah",2019-01-09,"ElFtGy1kV49xqNP00HfxQA==","CNS","1",6,25,100,"carbon",NA,"microgramsPerLiter","SIRFER_algalPlantChem_isotopes_V1","Revesz & Coplen 2012a","N",NA,NA,"20221128T185959Z","RELEASE-2023","EPI"
"43","4a9a9a93-9979-45e1-af6d-0ad824738e2e","D12","BLDE","BLDE.AOS.reach",2018-09-11,"BLDE.20180911.EPILITHON.1.CNSA.1","A00000053501",NA,"condition ok","SIRFER Lab at University of Utah",2019-01-09,"ElFtGy1kV49xqNP00HfxQA==","CNS","1",6,25,100,"nitrogen",NA,"microgramsPerLiter","SIRFER_algalPlantChem_isotopes_V1","Revesz & Coplen 2012a",NA,NA,NA,"20221128T185959Z","RELEASE-2023","EPI"
"44","a253b941-934b-4681-8b67-d112f0041df3","D12","BLDE","BLDE.AOS.reach",2018-09-11,"BLDE.20180911.EPILITHON.2.CNSA.1","A00000053517",NA,"condition ok","SIRFER Lab at University of Utah",2019-01-09,"ElFtGy1kV49xqNP00HfxQA==","CNS","1",6,25,100,"carbon",NA,"microgramsPerLiter","SIRFER_algalPlantChem_isotopes_V1","Revesz & Coplen 2012a","N",NA,NA,"20221128T185959Z","RELEASE-2023","EPI"
"45","a8820a23-3459-4152-8b2d-4467bfaa6048","D12","BLDE","BLDE.AOS.reach",2018-09-11,"BLDE.20180911.EPILITHON.3.CNSA.1","A00000053449",NA,"condition ok","SIRFER Lab at University of Utah",2019-01-09,"ElFtGy1kV49xqNP00HfxQA==","CNS","1",6,25,100,"nitrogen",NA,"microgramsPerLiter","SIRFER_algalPlantChem_isotopes_V1","Revesz & Coplen 2012a",NA,NA,NA,"20221128T185959Z","RELEASE-2023","EPI"
"46","4940f02e-b28f-43a9-8e05-7052ae9c9f36","D12","BLDE","BLDE.AOS.reach",2018-09-11,"BLDE.20180911.EPILITHON.6.CNSA.1","A00000053499",NA,"condition ok","SIRFER Lab at University of Utah",2019-01-09,"ElFtGy1kV49xqNP00HfxQA==","CNS","1",8,25,100,"nitrogen",NA,"microgramsPerLiter","SIRFER_algalPlantChem_isotopes_V1","Revesz & Coplen 2012a",NA,NA,NA,"20221128T185959Z","RELEASE-2023","EPI"
"47","5df28e80-807a-4cef-a456-032967bbc12b","D12","BLDE","BLDE.AOS.reach",2018-09-11,"BLDE.20180911.EPILITHON.5.CNSA.1","A00000053482",NA,"condition ok","SIRFER Lab at University of Utah",2019-01-09,"ElFtGy1kV49xqNP00HfxQA==","CNS","1",8,25,100,"carbon",NA,"microgramsPerLiter","SIRFER_algalPlantChem_isotopes_V1","Revesz & Coplen 2012a","N",NA,NA,"20221128T185959Z","RELEASE-2023","EPI"
"48","1a717927-ed8f-41e5-9c6e-21a3562efa0a","D12","BLDE","BLDE.AOS.reach",2018-09-11,"BLDE.20180911.EPILITHON.7.CNSA.1","A00000053498",NA,"condition ok","SIRFER Lab at University of Utah",2019-01-09,"ElFtGy1kV49xqNP00HfxQA==","CNS","1",8,25,100,"carbon",NA,"microgramsPerLiter","SIRFER_algalPlantChem_isotopes_V1","Revesz & Coplen 2012a","N",NA,NA,"20221128T185959Z","RELEASE-2023","EPI"
"49","b120b146-bcb8-497f-9e34-b2b7651e1d33","D12","BLDE","BLDE.AOS.reach",2019-05-07,"BLDE.20190507.EPILITHON.8.P.1","A00000054177","19-200","condition ok","SIRFER Lab at University of Utah",2019-12-27,"a1rVWpE0V4zMCUk591/P0Q==","P","1",10,25,100,"phosphorus",836.39,"microgramsPerLiter","ICPMetalsLab_P_V2.0","Ivanov et al 2012",NA,NA,NA,"20221128T173148Z","RELEASE-2023","EPI"
"50","063624b2-48c5-4df7-a856-783193321104","D12","BLDE","BLDE.AOS.reach",2019-05-07,"BLDE.20190507.EPILITHON.3.P.1","A00000054191","19-200","condition ok","SIRFER Lab at University of Utah",2019-12-27,"a1rVWpE0V4zMCUk591/P0Q==","P","1",10,25,100,"phosphorus",318.69,"microgramsPerLiter","ICPMetalsLab_P_V2.0","Ivanov et al 2012",NA,NA,NA,"20221128T173148Z","RELEASE-2023","EPI"
"51","8fd35c08-747b-41c7-b19b-74926d8c9708","D12","BLDE","BLDE.AOS.reach",2019-05-07,"BLDE.20190507.EPILITHON.4.P.1","A00000054116","19-200","condition ok","SIRFER Lab at University of Utah",2019-12-27,"a1rVWpE0V4zMCUk591/P0Q==","P","1",8,25,100,"phosphorus",996.97,"microgramsPerLiter","ICPMetalsLab_P_V2.0","Ivanov et al 2012",NA,NA,NA,"20221128T173148Z","RELEASE-2023","EPI"
"52","dcd610f7-7850-4b33-8cd0-dab7add18254","D12","BLDE","BLDE.AOS.reach",2019-05-07,"BLDE.20190507.EPILITHON.1.P.1","A00000054189","19-200","condition ok","SIRFER Lab at University of Utah",2019-09-25,"a1rVWpE0V4zMCUk591/P0Q==","P","1",20,25,100,"phosphorus",376.63,"microgramsPerLiter","ICPMetalsLab_P_V2.0","Ivanov et al 2012",NA,NA,NA,"20221128T173148Z","RELEASE-2023","EPI"
"53","64d67d9b-b3e2-4a21-9fc1-2f6ff797f3e6","D12","BLDE","BLDE.AOS.reach",2019-05-07,"BLDE.20190507.EPILITHON.2.P.1","A00000054174","19-200","condition ok","SIRFER Lab at University of Utah",2019-09-25,"a1rVWpE0V4zMCUk591/P0Q==","P","1",8,25,100,"phosphorus",944.35,"microgramsPerLiter","ICPMetalsLab_P_V2.0","Ivanov et al 2012",NA,NA,NA,"20221128T173148Z","RELEASE-2023","EPI"
"54","dce518a6-a18f-4010-91c7-1a8d0ff1f5b3","D12","BLDE","BLDE.AOS.reach",2019-05-07,"BLDE.20190507.EPILITHON.7.P.1","A00000054099","19-200","condition ok","SIRFER Lab at University of Utah",2019-12-27,"a1rVWpE0V4zMCUk591/P0Q==","P","1",10,25,100,"phosphorus",409.42,"microgramsPerLiter","ICPMetalsLab_P_V2.0","Ivanov et al 2012",NA,NA,NA,"20221128T173148Z","RELEASE-2023","EPI"
"55","a382c947-efdc-4540-95b9-885d1349431c","D12","BLDE","BLDE.AOS.reach",2019-05-07,"BLDE.20190507.EPILITHON.5.P.1","A00000054095","19-200","condition ok","SIRFER Lab at University of Utah",2019-12-27,"a1rVWpE0V4zMCUk591/P0Q==","P","1",10,25,100,"phosphorus",267.23,"microgramsPerLiter","ICPMetalsLab_P_V2.0","Ivanov et al 2012",NA,NA,NA,"20221128T173148Z","RELEASE-2023","EPI"
"56","29e64e52-7b7a-4f39-84b9-f1207118ec77","D12","BLDE","BLDE.AOS.reach",2019-05-07,"BLDE.20190507.EPILITHON.6.P.1","A00000053881","19-200","condition ok","SIRFER Lab at University of Utah",2019-12-27,"a1rVWpE0V4zMCUk591/P0Q==","P","1",10,25,100,"phosphorus",482.57,"microgramsPerLiter","ICPMetalsLab_P_V2.0","Ivanov et al 2012",NA,NA,NA,"20221128T173148Z","RELEASE-2023","EPI"
"57","d0b757f0-a24c-4f08-93d5-f9245cb9cd5b","D12","BLDE","BLDE.AOS.reach",2019-05-07,"BLDE.20190507.EPILITHON.7.CNSA.1","A00000054101",NA,"condition ok","SIRFER Lab at University of Utah",2019-09-12,"ElFtGy1kV49xqNP00HfxQA==","CNS","1",10,25,100,"carbon",27028.23,"microgramsPerLiter","SIRFER_algalPlantChem_isotopes_V1","Revesz & Coplen 2012a","N",NA,NA,"20221128T173148Z","RELEASE-2023","EPI"
"58","a860b1a1-7854-4188-afe2-87e5271e7713","D12","BLDE","BLDE.AOS.reach",2019-05-07,"BLDE.20190507.EPILITHON.5.CNSA.1","A00000054093",NA,"condition ok","SIRFER Lab at University of Utah",2019-09-12,"ElFtGy1kV49xqNP00HfxQA==","CNS","1",10,25,100,"carbon",17804.42,"microgramsPerLiter","SIRFER_algalPlantChem_isotopes_V1","Revesz & Coplen 2012a","N",NA,NA,"20221128T173148Z","RELEASE-2023","EPI"
"59","65071cf3-df42-4c5b-9ffb-388331c2a079","D12","BLDE","BLDE.AOS.reach",2019-05-07,"BLDE.20190507.EPILITHON.3.CNSA.1","A00000054223",NA,"condition ok","SIRFER Lab at University of Utah",2019-09-12,"ElFtGy1kV49xqNP00HfxQA==","CNS","1",10,25,100,"nitrogen",3207.27,"microgramsPerLiter","SIRFER_algalPlantChem_isotopes_V1","Revesz & Coplen 2012a",NA,NA,NA,"20221128T173148Z","RELEASE-2023","EPI"
"60","fe925c66-7df1-4224-b39f-bcec0bf7dfa7","D12","BLDE","BLDE.AOS.reach",2019-05-07,"BLDE.20190507.EPILITHON.3.CNSA.1","A00000054223",NA,"condition ok","SIRFER Lab at University of Utah",2019-09-12,"ElFtGy1kV49xqNP00HfxQA==","CNS","1",10,25,100,"carbon",22329.47,"microgramsPerLiter","SIRFER_algalPlantChem_isotopes_V1","Revesz & Coplen 2012a","N",NA,NA,"20221128T173148Z","RELEASE-2023","EPI"
"61","ba0d498b-8c46-48fc-8433-6c6db54b1734","D12","BLDE","BLDE.AOS.reach",2019-05-07,"BLDE.20190507.EPILITHON.5.CNSA.1","A00000054093",NA,"condition ok","SIRFER Lab at University of Utah",2019-09-12,"ElFtGy1kV49xqNP00HfxQA==","CNS","1",10,25,100,"nitrogen",2159.34,"microgramsPerLiter","SIRFER_algalPlantChem_isotopes_V1","Revesz & Coplen 2012a",NA,NA,NA,"20221128T173148Z","RELEASE-2023","EPI"
"62","a20ad71c-9451-4ef7-a9ac-1bbcac11d719","D12","BLDE","BLDE.AOS.reach",2019-05-07,"BLDE.20190507.EPILITHON.2.CNSA.1","A00000054172",NA,"condition ok","SIRFER Lab at University of Utah",2019-09-12,"ElFtGy1kV49xqNP00HfxQA==","CNS","1",8,25,100,"carbon",63533.24,"microgramsPerLiter","SIRFER_algalPlantChem_isotopes_V1","Revesz & Coplen 2012a","N",NA,NA,"20221128T173148Z","RELEASE-2023","EPI"
"63","acb9a7f6-4154-44e3-ad3c-14a27a1d35ad","D12","BLDE","BLDE.AOS.reach",2019-05-07,"BLDE.20190507.EPILITHON.6.CNSA.1","A00000054096",NA,"condition ok","SIRFER Lab at University of Utah",2019-09-12,"ElFtGy1kV49xqNP00HfxQA==","CNS","1",10,25,100,"carbon",19907.71,"microgramsPerLiter","SIRFER_algalPlantChem_isotopes_V1","Revesz & Coplen 2012a","N",NA,NA,"20221128T173148Z","RELEASE-2023","EPI"
"64","6b806aa7-4d41-494a-af89-57cb42f9051a","D12","BLDE","BLDE.AOS.reach",2019-05-07,"BLDE.20190507.EPILITHON.6.CNSA.1","A00000054096",NA,"condition ok","SIRFER Lab at University of Utah",2019-09-12,"ElFtGy1kV49xqNP00HfxQA==","CNS","1",10,25,100,"nitrogen",2148.28,"microgramsPerLiter","SIRFER_algalPlantChem_isotopes_V1","Revesz & Coplen 2012a",NA,NA,NA,"20221128T173148Z","RELEASE-2023","EPI"
"65","906dfcb1-04ce-4644-b4c9-bc87f344e0a9","D12","BLDE","BLDE.AOS.reach",2019-05-07,"BLDE.20190507.EPILITHON.8.CNSA.1","A00000054098",NA,"condition ok","SIRFER Lab at University of Utah",2019-09-12,"ElFtGy1kV49xqNP00HfxQA==","CNS","1",10,25,100,"nitrogen",8001.6,"microgramsPerLiter","SIRFER_algalPlantChem_isotopes_V1","Revesz & Coplen 2012a",NA,NA,NA,"20221128T173148Z","RELEASE-2023","EPI"
"66","375d4fd9-78e8-46eb-9387-9d504ba2a4ba","D12","BLDE","BLDE.AOS.reach",2019-05-07,"BLDE.20190507.EPILITHON.4.CNSA.1","A00000054114",NA,"condition ok","SIRFER Lab at University of Utah",2019-09-12,"ElFtGy1kV49xqNP00HfxQA==","CNS","1",8,25,100,"nitrogen",9118.84,"microgramsPerLiter","SIRFER_algalPlantChem_isotopes_V1","Revesz & Coplen 2012a",NA,NA,NA,"20221128T173148Z","RELEASE-2023","EPI"
"67","508e5be0-39a3-4e0c-b87e-32cd39348ac0","D12","BLDE","BLDE.AOS.reach",2019-05-07,"BLDE.20190507.EPILITHON.8.CNSA.1","A00000054098",NA,"condition ok","SIRFER Lab at University of Utah",2019-09-12,"ElFtGy1kV49xqNP00HfxQA==","CNS","1",10,25,100,"carbon",58844.28,"microgramsPerLiter","SIRFER_algalPlantChem_isotopes_V1","Revesz & Coplen 2012a","N",NA,NA,"20221128T173148Z","RELEASE-2023","EPI"
"68","7f4eb596-0359-4fae-937f-0c60906f8ac1","D12","BLDE","BLDE.AOS.reach",2019-05-07,"BLDE.20190507.EPILITHON.1.CNSA.1","A00000054171",NA,"condition ok","SIRFER Lab at University of Utah",2019-09-12,"ElFtGy1kV49xqNP00HfxQA==","CNS","1",15,25,100,"carbon",30709.37,"microgramsPerLiter","SIRFER_algalPlantChem_isotopes_V1","Revesz & Coplen 2012a","N",NA,NA,"20221128T173148Z","RELEASE-2023","EPI"
"69","4836c612-4094-4838-b8cb-9c6ca30a7f6e","D12","BLDE","BLDE.AOS.reach",2019-05-07,"BLDE.20190507.EPILITHON.1.CNSA.1","A00000054171",NA,"condition ok","SIRFER Lab at University of Utah",2019-09-12,"ElFtGy1kV49xqNP00HfxQA==","CNS","1",15,25,100,"nitrogen",3142.02,"microgramsPerLiter","SIRFER_algalPlantChem_isotopes_V1","Revesz & Coplen 2012a",NA,NA,NA,"20221128T173148Z","RELEASE-2023","EPI"
"70","d2da1092-f03b-4b0b-994f-f540cf778d92","D12","BLDE","BLDE.AOS.reach",2019-05-07,"BLDE.20190507.EPILITHON.4.CNSA.1","A00000054114",NA,"condition ok","SIRFER Lab at University of Utah",2019-09-12,"ElFtGy1kV49xqNP00HfxQA==","CNS","1",8,25,100,"carbon",67417.11,"microgramsPerLiter","SIRFER_algalPlantChem_isotopes_V1","Revesz & Coplen 2012a","N",NA,NA,"20221128T173148Z","RELEASE-2023","EPI"
"71","f9ba067f-4240-4926-a681-58ff5ef04d8c","D12","BLDE","BLDE.AOS.reach",2019-05-07,"BLDE.20190507.EPILITHON.7.CNSA.1","A00000054101",NA,"condition ok","SIRFER Lab at University of Utah",2019-09-12,"ElFtGy1kV49xqNP00HfxQA==","CNS","1",10,25,100,"nitrogen",3580.59,"microgramsPerLiter","SIRFER_algalPlantChem_isotopes_V1","Revesz & Coplen 2012a",NA,NA,NA,"20221128T173148Z","RELEASE-2023","EPI"
"72","f4794033-6917-4c98-ac59-016a6d1a6063","D12","BLDE","BLDE.AOS.reach",2019-05-07,"BLDE.20190507.EPILITHON.2.CNSA.1","A00000054172",NA,"condition ok","SIRFER Lab at University of Utah",2019-09-12,"ElFtGy1kV49xqNP00HfxQA==","CNS","1",8,25,100,"nitrogen",8828.02,"microgramsPerLiter","SIRFER_algalPlantChem_isotopes_V1","Revesz & Coplen 2012a",NA,NA,NA,"20221128T173148Z","RELEASE-2023","EPI"
"73","c3d523aa-ef67-45a5-8d20-a46d3b737712","D12","BLDE","BLDE.AOS.reach",2019-08-05,"BLDE.20190805.EPILITHON.3.P.1","A00000054675","19-348","condition ok","SIRFER Lab at University of Utah",2020-02-07,"a1rVWpE0V4zMCUk591/P0Q==","P","1",7,25,100,"phosphorus",409.43,"microgramsPerLiter","ICPMetalsLab_P_V2.0","Ivanov et al 2012",NA,NA,NA,"20221128T182130Z","RELEASE-2023","EPI"
"74","b1cf5b47-19b3-4f4d-a034-6ee0f4897738","D12","BLDE","BLDE.AOS.reach",2019-08-05,"BLDE.20190805.EPILITHON.1.P.1","A00000054655","19-348","condition ok","SIRFER Lab at University of Utah",2020-02-07,"a1rVWpE0V4zMCUk591/P0Q==","P","1",8,25,100,"phosphorus",389.48,"microgramsPerLiter","ICPMetalsLab_P_V2.0","Ivanov et al 2012",NA,NA,NA,"20221128T182130Z","RELEASE-2023","EPI"
"75","9d9a257c-2a8c-41d4-a433-1273b82f61ad","D12","BLDE","BLDE.AOS.reach",2019-08-05,"BLDE.20190805.EPILITHON.2.P.1","A00000054671","19-348","condition ok","SIRFER Lab at University of Utah",2020-02-07,"a1rVWpE0V4zMCUk591/P0Q==","P","1",12,25,100,"phosphorus",289.27,"microgramsPerLiter","ICPMetalsLab_P_V2.0","Ivanov et al 2012",NA,NA,NA,"20221128T182130Z","RELEASE-2023","EPI"
"76","e5004cc0-da4d-45ad-88ee-a742ba9c905e","D12","BLDE","BLDE.AOS.reach",2019-08-05,"BLDE.20190805.EPILITHON.6.P.1","A00000054721","19-348","condition ok","SIRFER Lab at University of Utah",2020-02-07,"a1rVWpE0V4zMCUk591/P0Q==","P","1",10,25,100,"phosphorus",427.56,"microgramsPerLiter","ICPMetalsLab_P_V2.0","Ivanov et al 2012",NA,NA,NA,"20221128T182130Z","RELEASE-2023","EPI"
"77","81210f90-441a-4526-82ef-9374b575fe1e","D12","BLDE","BLDE.AOS.reach",2019-08-05,"BLDE.20190805.EPILITHON.7.P.1","A00000054693","19-348","condition ok","SIRFER Lab at University of Utah",2020-02-07,"a1rVWpE0V4zMCUk591/P0Q==","P","1",20,25,100,"phosphorus",302.58,"microgramsPerLiter","ICPMetalsLab_P_V2.0","Ivanov et al 2012",NA,NA,NA,"20221128T182130Z","RELEASE-2023","EPI"
"78","c3af02d4-e76b-46e0-b617-68dbd96d3ae9","D12","BLDE","BLDE.AOS.reach",2019-08-05,"BLDE.20190805.EPILITHON.4.P.1","A00000054706","19-348","condition ok","SIRFER Lab at University of Utah",2020-02-07,"a1rVWpE0V4zMCUk591/P0Q==","P","1",10,25,100,"phosphorus",363.13,"microgramsPerLiter","ICPMetalsLab_P_V2.0","Ivanov et al 2012",NA,NA,NA,"20221128T182130Z","RELEASE-2023","EPI"
"79","acaddbfc-9fab-44ad-9df5-e997d72ef773","D12","BLDE","BLDE.AOS.reach",2019-08-05,"BLDE.20190805.EPILITHON.5.P.1","A00000054707","19-348","condition ok","SIRFER Lab at University of Utah",2020-02-07,"a1rVWpE0V4zMCUk591/P0Q==","P","1",20,25,100,"phosphorus",159.54,"microgramsPerLiter","ICPMetalsLab_P_V2.0","Ivanov et al 2012",NA,NA,NA,"20221128T182130Z","RELEASE-2023","EPI"
"80","321a74a7-f52c-4424-b454-297c45d0046c","D12","BLDE","BLDE.AOS.reach",2019-08-05,"BLDE.20190805.EPILITHON.8.P.1","A00000054695","19-348","condition ok","SIRFER Lab at University of Utah",2020-02-07,"a1rVWpE0V4zMCUk591/P0Q==","P","1",15,25,100,"phosphorus",242.18,"microgramsPerLiter","ICPMetalsLab_P_V2.0","Ivanov et al 2012",NA,NA,NA,"20221128T182130Z","RELEASE-2023","EPI"
"81","d1131030-7887-4825-9f65-d9e5e870e3c6","D12","BLDE","BLDE.AOS.reach",2019-08-05,"BLDE.20190805.EPILITHON.1.CNSA.1","A00000054656",NA,"condition ok","SIRFER Lab at University of Utah",2020-01-10,"ElFtGy1kV49xqNP00HfxQA==","CNS","1",8,25,100,"nitrogen",6708.26,"microgramsPerLiter","SIRFER_algalPlantChem_isotopes_V1","Revesz & Coplen 2012a",NA,NA,NA,"20221128T182130Z","RELEASE-2023","EPI"
"82","75e8aa96-4ae8-497f-a9b2-3962cf64fed8","D12","BLDE","BLDE.AOS.reach",2019-08-05,"BLDE.20190805.EPILITHON.4.CNSA.1","A00000054690",NA,"condition ok","SIRFER Lab at University of Utah",2020-01-10,"ElFtGy1kV49xqNP00HfxQA==","CNS","1",10,25,100,"nitrogen",4797.49,"microgramsPerLiter","SIRFER_algalPlantChem_isotopes_V1","Revesz & Coplen 2012a",NA,NA,NA,"20221128T182130Z","RELEASE-2023","EPI"
"83","ebb21d5e-62ee-4b5f-b49e-8068524864ad","D12","BLDE","BLDE.AOS.reach",2019-08-05,"BLDE.20190805.EPILITHON.5.CNSA.1","A00000054691",NA,"condition ok","SIRFER Lab at University of Utah",2020-01-10,"ElFtGy1kV49xqNP00HfxQA==","CNS","1",20,25,100,"carbon",14295.81,"microgramsPerLiter","SIRFER_algalPlantChem_isotopes_V1","Revesz & Coplen 2012a","N",NA,NA,"20221128T182130Z","RELEASE-2023","EPI"
"84","24480a6a-fe3f-421a-93d8-ef1239f5a397","D12","BLDE","BLDE.AOS.reach",2019-08-05,"BLDE.20190805.EPILITHON.6.CNSA.1","A00000054692",NA,"condition ok","SIRFER Lab at University of Utah",2020-01-10,"ElFtGy1kV49xqNP00HfxQA==","CNS","1",10,25,100,"nitrogen",5064.95,"microgramsPerLiter","SIRFER_algalPlantChem_isotopes_V1","Revesz & Coplen 2012a",NA,NA,NA,"20221128T182130Z","RELEASE-2023","EPI"
"85","338b6d9b-2894-4400-bb4d-fe22e018bcf6","D12","BLDE","BLDE.AOS.reach",2019-08-05,"BLDE.20190805.EPILITHON.7.CNSA.1","A00000054709",NA,"condition ok","SIRFER Lab at University of Utah",2020-01-10,"ElFtGy1kV49xqNP00HfxQA==","CNS","1",20,25,100,"carbon",29510.21,"microgramsPerLiter","SIRFER_algalPlantChem_isotopes_V1","Revesz & Coplen 2012a","N",NA,NA,"20221128T182130Z","RELEASE-2023","EPI"
"86","067c8b21-f855-4b76-8bde-e04a079c1c76","D12","BLDE","BLDE.AOS.reach",2019-08-05,"BLDE.20190805.EPILITHON.5.CNSA.1","A00000054691",NA,"condition ok","SIRFER Lab at University of Utah",2020-01-10,"ElFtGy1kV49xqNP00HfxQA==","CNS","1",20,25,100,"nitrogen",2205.38,"microgramsPerLiter","SIRFER_algalPlantChem_isotopes_V1","Revesz & Coplen 2012a",NA,NA,NA,"20221128T182130Z","RELEASE-2023","EPI"
"87","2baa17c5-3ab6-4c6b-8bf5-72c41967cc2d","D12","BLDE","BLDE.AOS.reach",2019-08-05,"BLDE.20190805.EPILITHON.7.CNSA.1","A00000054709",NA,"condition ok","SIRFER Lab at University of Utah",2020-01-10,"ElFtGy1kV49xqNP00HfxQA==","CNS","1",20,25,100,"nitrogen",4840.03,"microgramsPerLiter","SIRFER_algalPlantChem_isotopes_V1","Revesz & Coplen 2012a",NA,NA,NA,"20221128T182130Z","RELEASE-2023","EPI"
"88","1285c7c0-f783-4544-9dbd-cfdd542e85db","D12","BLDE","BLDE.AOS.reach",2019-08-05,"BLDE.20190805.EPILITHON.3.CNSA.1","A00000054674",NA,"condition ok","SIRFER Lab at University of Utah",2020-01-10,"ElFtGy1kV49xqNP00HfxQA==","CNS","1",7,25,100,"carbon",46110.6,"microgramsPerLiter","SIRFER_algalPlantChem_isotopes_V1","Revesz & Coplen 2012a","N",NA,NA,"20221128T182130Z","RELEASE-2023","EPI"
"89","873d1905-9323-4ec1-affa-83e11ed694ed","D12","BLDE","BLDE.AOS.reach",2019-08-05,"BLDE.20190805.EPILITHON.3.CNSA.1","A00000054674",NA,"condition ok","SIRFER Lab at University of Utah",2020-01-10,"ElFtGy1kV49xqNP00HfxQA==","CNS","1",7,25,100,"nitrogen",5941.21,"microgramsPerLiter","SIRFER_algalPlantChem_isotopes_V1","Revesz & Coplen 2012a",NA,NA,NA,"20221128T182130Z","RELEASE-2023","EPI"
"90","9920b136-7073-4f0c-b1fa-d33498201750","D12","BLDE","BLDE.AOS.reach",2019-08-05,"BLDE.20190805.EPILITHON.1.CNSA.1","A00000054656",NA,"condition ok","SIRFER Lab at University of Utah",2020-01-10,"ElFtGy1kV49xqNP00HfxQA==","CNS","1",8,25,100,"carbon",46101.09,"microgramsPerLiter","SIRFER_algalPlantChem_isotopes_V1","Revesz & Coplen 2012a","N",NA,NA,"20221128T182130Z","RELEASE-2023","EPI"
"91","0e59c24e-5001-4267-bae6-f27e18376037","D12","BLDE","BLDE.AOS.reach",2019-08-05,"BLDE.20190805.EPILITHON.2.CNSA.1","A00000054688",NA,"condition ok","SIRFER Lab at University of Utah",2020-01-10,"ElFtGy1kV49xqNP00HfxQA==","CNS","1",12,25,100,"carbon",24711.99,"microgramsPerLiter","SIRFER_algalPlantChem_isotopes_V1","Revesz & Coplen 2012a","N",NA,NA,"20221128T182130Z","RELEASE-2023","EPI"
"92","64ad0e04-500c-41fe-9128-db3ad0e4be66","D12","BLDE","BLDE.AOS.reach",2019-08-05,"BLDE.20190805.EPILITHON.2.CNSA.1","A00000054688",NA,"condition ok","SIRFER Lab at University of Utah",2020-01-10,"ElFtGy1kV49xqNP00HfxQA==","CNS","1",12,25,100,"nitrogen",3974.4,"microgramsPerLiter","SIRFER_algalPlantChem_isotopes_V1","Revesz & Coplen 2012a",NA,NA,NA,"20221128T182130Z","RELEASE-2023","EPI"
"93","e2974416-4503-4e92-963b-7f08480df9ac","D12","BLDE","BLDE.AOS.reach",2019-08-05,"BLDE.20190805.EPILITHON.8.CNSA.1","A00000054694",NA,"condition ok","SIRFER Lab at University of Utah",2020-01-10,"ElFtGy1kV49xqNP00HfxQA==","CNS","1",15,25,100,"carbon",21404.21,"microgramsPerLiter","SIRFER_algalPlantChem_isotopes_V1","Revesz & Coplen 2012a","N",NA,NA,"20221128T182130Z","RELEASE-2023","EPI"
"94","0decb618-6f5a-4067-82e8-b440d3630b3f","D12","BLDE","BLDE.AOS.reach",2019-08-05,"BLDE.20190805.EPILITHON.8.CNSA.1","A00000054694",NA,"condition ok","SIRFER Lab at University of Utah",2020-01-10,"ElFtGy1kV49xqNP00HfxQA==","CNS","1",15,25,100,"nitrogen",3522.8,"microgramsPerLiter","SIRFER_algalPlantChem_isotopes_V1","Revesz & Coplen 2012a",NA,NA,NA,"20221128T182130Z","RELEASE-2023","EPI"
"95","10445a70-fee0-4bd5-bbd7-0e7de1f938f6","D12","BLDE","BLDE.AOS.reach",2019-08-05,"BLDE.20190805.EPILITHON.4.CNSA.1","A00000054690",NA,"condition ok","SIRFER Lab at University of Utah",2020-01-10,"ElFtGy1kV49xqNP00HfxQA==","CNS","1",10,25,100,"carbon",33688.12,"microgramsPerLiter","SIRFER_algalPlantChem_isotopes_V1","Revesz & Coplen 2012a","N",NA,NA,"20221128T182130Z","RELEASE-2023","EPI"
"96","9e26463a-e1ec-434f-8183-2f45ea968a32","D12","BLDE","BLDE.AOS.reach",2019-08-05,"BLDE.20190805.EPILITHON.6.CNSA.1","A00000054692",NA,"condition ok","SIRFER Lab at University of Utah",2020-01-10,"ElFtGy1kV49xqNP00HfxQA==","CNS","1",10,25,100,"carbon",36015.19,"microgramsPerLiter","SIRFER_algalPlantChem_isotopes_V1","Revesz & Coplen 2012a","N",NA,NA,"20221128T182130Z","RELEASE-2023","EPI"
"97","e389f1f0-6150-43ef-a285-a9ad6649199b","D12","BLDE","BLDE.AOS.reach",2019-09-09,"BLDE.20190909.EPILITHON.3.P.1","A00000054800","20-006","condition ok","SIRFER Lab at University of Utah",2020-05-18,"a1rVWpE0V4zMCUk591/P0Q==","P","1",12,25,100,"phosphorus",614.39,"microgramsPerLiter","ICPMetalsLab_P_V2.0","Ivanov et al 2012",NA,NA,NA,"20221128T182926Z","RELEASE-2023","EPI"
"98","9252ccb5-5876-40a7-a20f-0412e532a4a2","D12","BLDE","BLDE.AOS.reach",2019-09-09,"BLDE.20190909.EPILITHON.4.P.1","A00000054781","20-006","condition ok","SIRFER Lab at University of Utah",2020-05-18,"a1rVWpE0V4zMCUk591/P0Q==","P","1",12,25,100,"phosphorus",522.09,"microgramsPerLiter","ICPMetalsLab_P_V2.0","Ivanov et al 2012",NA,NA,NA,"20221128T182926Z","RELEASE-2023","EPI"
"99","7549f818-6543-43ce-ba24-f0e23c8f860f","D12","BLDE","BLDE.AOS.reach",2019-09-09,"BLDE.20190909.EPILITHON.2.P.1","A00000054804","20-006","condition ok","SIRFER Lab at University of Utah",2020-05-18,"a1rVWpE0V4zMCUk591/P0Q==","P","1",6,25,100,"phosphorus",637.28,"microgramsPerLiter","ICPMetalsLab_P_V2.0","Ivanov et al 2012",NA,NA,NA,"20221128T182926Z","RELEASE-2023","EPI"
"100","cf39c0a1-e1b5-442f-9617-4b617dcdfbc6","D12","BLDE","BLDE.AOS.reach",2019-09-09,"BLDE.20190909.EPILITHON.1.P.1","A00000054818","20-006","condition ok","SIRFER Lab at University of Utah",2020-05-18,"a1rVWpE0V4zMCUk591/P0Q==","P","1",16,25,100,"phosphorus",358.12,"microgramsPerLiter","ICPMetalsLab_P_V2.0","Ivanov et al 2012",NA,NA,NA,"20221128T182926Z","RELEASE-2023","EPI"
"101","7ae8e24e-b48f-44b8-bd46-732362e1424c","D12","BLDE","BLDE.AOS.reach",2019-09-09,"BLDE.20190909.EPILITHON.6.P.1","A00000113997","20-006","condition ok","SIRFER Lab at University of Utah",2020-05-18,"a1rVWpE0V4zMCUk591/P0Q==","P","1",8,25,100,"phosphorus",715.45,"microgramsPerLiter","ICPMetalsLab_P_V2.0","Ivanov et al 2012",NA,NA,NA,"20221128T182926Z","RELEASE-2023","EPI"
"102","8c6d4bbe-ac15-4f3a-b253-5444d018e09c","D12","BLDE","BLDE.AOS.reach",2019-09-09,"BLDE.20190909.EPILITHON.5.P.1","A00000113943","20-006","condition ok","SIRFER Lab at University of Utah",2020-05-18,"a1rVWpE0V4zMCUk591/P0Q==","P","1",8,25,100,"phosphorus",375.77,"microgramsPerLiter","ICPMetalsLab_P_V2.0","Ivanov et al 2012",NA,NA,NA,"20221128T182926Z","RELEASE-2023","EPI"
"103","6cb13dc3-9647-4c73-9622-ba5a700187e5","D12","BLDE","BLDE.AOS.reach",2019-09-09,"BLDE.20190909.EPILITHON.7.P.1","A00000113996","20-006","condition ok","SIRFER Lab at University of Utah",2020-05-18,"a1rVWpE0V4zMCUk591/P0Q==","P","1",12,25,100,"phosphorus",568.41,"microgramsPerLiter","ICPMetalsLab_P_V2.0","Ivanov et al 2012",NA,NA,NA,"20221128T182926Z","RELEASE-2023","EPI"
"104","6f6c603b-2db8-4032-98ec-ef00c63a8267","D12","BLDE","BLDE.AOS.reach",2019-09-09,"BLDE.20190909.EPILITHON.8.P.1","A00000113978","20-006","condition ok","SIRFER Lab at University of Utah",2020-05-18,"a1rVWpE0V4zMCUk591/P0Q==","P","1",8,25,100,"phosphorus",466.77,"microgramsPerLiter","ICPMetalsLab_P_V2.0","Ivanov et al 2012",NA,NA,NA,"20221128T182926Z","RELEASE-2023","EPI"
"105","6fe0cbdb-0896-4ec2-800a-9a3ab9508a09","D12","BLDE","BLDE.AOS.reach",2019-09-09,"BLDE.20190909.EPILITHON.7.CNSA.1","A00000113980",NA,"condition ok","SIRFER Lab at University of Utah",2020-01-28,"ElFtGy1kV49xqNP00HfxQA==","CNS","1",12,25,100,"carbon",43541.99,"microgramsPerLiter","SIRFER_algalPlantChem_isotopes_V1","Revesz & Coplen 2012a","N",NA,NA,"20221128T182926Z","RELEASE-2023","EPI"
"106","1d4efb37-e9a9-4e0c-9157-f7f1e67b2605","D12","BLDE","BLDE.AOS.reach",2019-09-09,"BLDE.20190909.EPILITHON.6.CNSA.1","A00000114014",NA,"condition ok","SIRFER Lab at University of Utah",2020-01-28,"ElFtGy1kV49xqNP00HfxQA==","CNS","1",8,25,100,"carbon",38792.06,"microgramsPerLiter","SIRFER_algalPlantChem_isotopes_V1","Revesz & Coplen 2012a","N",NA,NA,"20221128T182926Z","RELEASE-2023","EPI"
"107","e6543d23-7873-482b-8e39-055f0645f158","D12","BLDE","BLDE.AOS.reach",2019-09-09,"BLDE.20190909.EPILITHON.4.CNSA.1","A00000054799",NA,"condition ok","SIRFER Lab at University of Utah",2020-01-28,"ElFtGy1kV49xqNP00HfxQA==","CNS","1",12,25,100,"nitrogen",4801.68,"microgramsPerLiter","SIRFER_algalPlantChem_isotopes_V1","Revesz & Coplen 2012a",NA,NA,NA,"20221128T182926Z","RELEASE-2023","EPI"
"108","5f6cb0fc-9262-40b5-baf3-01266b339fc4","D12","BLDE","BLDE.AOS.reach",2019-09-09,"BLDE.20190909.EPILITHON.3.CNSA.1","A00000054784",NA,"condition ok","SIRFER Lab at University of Utah",2020-01-28,"ElFtGy1kV49xqNP00HfxQA==","CNS","1",12,25,100,"carbon",40347.88,"microgramsPerLiter","SIRFER_algalPlantChem_isotopes_V1","Revesz & Coplen 2012a","N",NA,NA,"20221128T182926Z","RELEASE-2023","EPI"
"109","d00052ed-b7e4-4446-b68f-3b3d8858f5b4","D12","BLDE","BLDE.AOS.reach",2019-09-09,"BLDE.20190909.EPILITHON.8.CNSA.1","A00000114013",NA,"condition ok","SIRFER Lab at University of Utah",2020-01-28,"ElFtGy1kV49xqNP00HfxQA==","CNS","1",8,25,100,"nitrogen",6464.36,"microgramsPerLiter","SIRFER_algalPlantChem_isotopes_V1","Revesz & Coplen 2012a",NA,NA,NA,"20221128T182926Z","RELEASE-2023","EPI"
"110","95b29c09-71b0-48a1-ae67-c73a3d034f26","D12","BLDE","BLDE.AOS.reach",2019-09-09,"BLDE.20190909.EPILITHON.4.CNSA.1","A00000054799",NA,"condition ok","SIRFER Lab at University of Utah",2020-01-28,"ElFtGy1kV49xqNP00HfxQA==","CNS","1",12,25,100,"carbon",27207.09,"microgramsPerLiter","SIRFER_algalPlantChem_isotopes_V1","Revesz & Coplen 2012a","N",NA,NA,"20221128T182926Z","RELEASE-2023","EPI"
"111","81f7f5c0-eefb-4ce3-9449-19125fd00d2c","D12","BLDE","BLDE.AOS.reach",2019-09-09,"BLDE.20190909.EPILITHON.1.CNSA.1","A00000054788",NA,"condition ok","SIRFER Lab at University of Utah",2020-01-28,"ElFtGy1kV49xqNP00HfxQA==","CNS","1",16,25,100,"nitrogen",3506,"microgramsPerLiter","SIRFER_algalPlantChem_isotopes_V1","Revesz & Coplen 2012a",NA,NA,NA,"20221128T182926Z","RELEASE-2023","EPI"
"112","ba8c0f2d-8715-4fba-af09-72d1b25a1d95","D12","BLDE","BLDE.AOS.reach",2019-09-09,"BLDE.20190909.EPILITHON.8.CNSA.1","A00000114013",NA,"condition ok","SIRFER Lab at University of Utah",2020-01-28,"ElFtGy1kV49xqNP00HfxQA==","CNS","1",8,25,100,"carbon",46622.04,"microgramsPerLiter","SIRFER_algalPlantChem_isotopes_V1","Revesz & Coplen 2012a","N",NA,NA,"20221128T182926Z","RELEASE-2023","EPI"
"113","09d29b5f-6588-4ea2-809d-7f705ddfbdc9","D12","BLDE","BLDE.AOS.reach",2019-09-09,"BLDE.20190909.EPILITHON.1.CNSA.1","A00000054788",NA,"condition ok","SIRFER Lab at University of Utah",2020-01-28,"ElFtGy1kV49xqNP00HfxQA==","CNS","1",16,25,100,"carbon",36379.25,"microgramsPerLiter","SIRFER_algalPlantChem_isotopes_V1","Revesz & Coplen 2012a","N",NA,NA,"20221128T182926Z","RELEASE-2023","EPI"
"114","8ca53352-183c-4ff9-ae67-a8461830c28d","D12","BLDE","BLDE.AOS.reach",2019-09-09,"BLDE.20190909.EPILITHON.3.CNSA.1","A00000054784",NA,"condition ok","SIRFER Lab at University of Utah",2020-01-28,"ElFtGy1kV49xqNP00HfxQA==","CNS","1",12,25,100,"nitrogen",5249.47,"microgramsPerLiter","SIRFER_algalPlantChem_isotopes_V1","Revesz & Coplen 2012a",NA,NA,NA,"20221128T182926Z","RELEASE-2023","EPI"
"115","034d3738-f425-4349-be4d-11f109af89bb","D12","BLDE","BLDE.AOS.reach",2019-09-09,"BLDE.20190909.EPILITHON.7.CNSA.1","A00000113980",NA,"condition ok","SIRFER Lab at University of Utah",2020-01-28,"ElFtGy1kV49xqNP00HfxQA==","CNS","1",12,25,100,"nitrogen",5604.56,"microgramsPerLiter","SIRFER_algalPlantChem_isotopes_V1","Revesz & Coplen 2012a",NA,NA,NA,"20221128T182926Z","RELEASE-2023","EPI"
"116","8069c335-c2fc-4ebc-96ec-dfa991c167b8","D12","BLDE","BLDE.AOS.reach",2019-09-09,"BLDE.20190909.EPILITHON.2.CNSA.1","A00000054786",NA,"condition ok","SIRFER Lab at University of Utah",2020-01-28,"ElFtGy1kV49xqNP00HfxQA==","CNS","1",6,25,100,"carbon",64854.14,"microgramsPerLiter","SIRFER_algalPlantChem_isotopes_V1","Revesz & Coplen 2012a","N",NA,NA,"20221128T182926Z","RELEASE-2023","EPI"
"117","e0bdbfb5-8cc6-4d1e-9495-b2f13d03ebea","D12","BLDE","BLDE.AOS.reach",2019-09-09,"BLDE.20190909.EPILITHON.5.CNSA.1","A00000054782",NA,"condition ok","SIRFER Lab at University of Utah",2020-01-28,"ElFtGy1kV49xqNP00HfxQA==","CNS","1",8,25,100,"nitrogen",12029.51,"microgramsPerLiter","SIRFER_algalPlantChem_isotopes_V1","Revesz & Coplen 2012a",NA,NA,NA,"20221128T182926Z","RELEASE-2023","EPI"
"118","53bb729c-0140-4296-8deb-259381e9092d","D12","BLDE","BLDE.AOS.reach",2019-09-09,"BLDE.20190909.EPILITHON.2.CNSA.1","A00000054786",NA,"condition ok","SIRFER Lab at University of Utah",2020-01-28,"ElFtGy1kV49xqNP00HfxQA==","CNS","1",6,25,100,"nitrogen",9953.44,"microgramsPerLiter","SIRFER_algalPlantChem_isotopes_V1","Revesz & Coplen 2012a",NA,NA,NA,"20221128T182926Z","RELEASE-2023","EPI"
"119","8dc5cb95-ddaa-4adf-a67f-be5bd9361318","D12","BLDE","BLDE.AOS.reach",2019-09-09,"BLDE.20190909.EPILITHON.5.CNSA.1","A00000054782",NA,"condition ok","SIRFER Lab at University of Utah",2020-01-28,"ElFtGy1kV49xqNP00HfxQA==","CNS","1",8,25,100,"carbon",80337.14,"microgramsPerLiter","SIRFER_algalPlantChem_isotopes_V1","Revesz & Coplen 2012a","N",NA,NA,"20221128T182926Z","RELEASE-2023","EPI"
"120","736f5577-0f84-4d50-9a26-00fa851a9322","D12","BLDE","BLDE.AOS.reach",2019-09-09,"BLDE.20190909.EPILITHON.6.CNSA.1","A00000114014",NA,"condition ok","SIRFER Lab at University of Utah",2020-01-28,"ElFtGy1kV49xqNP00HfxQA==","CNS","1",8,25,100,"nitrogen",9249.58,"microgramsPerLiter","SIRFER_algalPlantChem_isotopes_V1","Revesz & Coplen 2012a",NA,NA,NA,"20221128T182926Z","RELEASE-2023","EPI"
"121","0dea4701-dc19-4ee9-ab92-9e5dfaf06643","D12","BLDE","BLDE.AOS.reach",2020-07-28,"BLDE.20200728.EPILITHON.2.P.1","A00000115307","21-103","condition ok","SIRFER Lab at University of Utah",2021-08-25,"a1rVWpE0V4zMCUk591/P0Q==","P","1",8,25,100,"phosphorus",742.94,"microgramsPerLiter","ICPMetalsLab_P_V2.1","Ivanov et al 2012","N",NA,NA,"20221128T212555Z","PROVISIONAL","EPI"
"122","990be64d-fe93-4f72-9914-e6f5d3c5b4ef","D12","BLDE","BLDE.AOS.reach",2020-07-28,"BLDE.20200728.EPILITHON.2.REP2.P.2","A00000115377","21-103","condition ok","SIRFER Lab at University of Utah",2021-08-25,"a1rVWpE0V4zMCUk591/P0Q==","P","1",8,25,100,"phosphorus",751.16,"microgramsPerLiter","ICPMetalsLab_P_V2.1","Ivanov et al 2012","N",NA,NA,"20221128T212555Z","PROVISIONAL","EPI"
"123","cd9f39a3-4de0-4a59-8681-0c000d82d2eb","D12","BLDE","BLDE.AOS.reach",2020-07-28,"BLDE.20200728.EPILITHON.5.P.1","A00000115403","21-103","condition ok","SIRFER Lab at University of Utah",2021-08-25,"a1rVWpE0V4zMCUk591/P0Q==","P","1",8,25,100,"phosphorus",1212.99,"microgramsPerLiter","ICPMetalsLab_P_V2.1","Ivanov et al 2012","N",NA,NA,"20221128T212555Z","PROVISIONAL","EPI"
"124","e91c681c-11e6-47be-8a36-bcf3e7a15b35","D12","BLDE","BLDE.AOS.reach",2020-07-28,"BLDE.20200728.EPILITHON.3.P.1","A00000115405","21-103","condition ok","SIRFER Lab at University of Utah",2021-08-25,"a1rVWpE0V4zMCUk591/P0Q==","P","1",12,25,100,"phosphorus",256.39,"microgramsPerLiter","ICPMetalsLab_P_V2.1","Ivanov et al 2012","N",NA,NA,"20221128T212555Z","PROVISIONAL","EPI"
"125","a8dd7396-a71c-4f7a-bd27-77721521c83d","D12","BLDE","BLDE.AOS.reach",2020-07-28,"BLDE.20200728.EPILITHON.6.P.1","A00000115417","21-103","condition ok","SIRFER Lab at University of Utah",2021-09-09,"a1rVWpE0V4zMCUk591/P0Q==","P","1",12,25,100,"phosphorus",449.88,"microgramsPerLiter","ICPMetalsLab_P_V2.1","Ivanov et al 2012","N",NA,NA,"20221128T212555Z","PROVISIONAL","EPI"
"126","b4a0e9c4-0d99-4cc3-8792-87872bbc82f0","D12","BLDE","BLDE.AOS.reach",2020-07-28,"BLDE.20200728.EPILITHON.4.P.1","A00000115389","21-103","condition ok","SIRFER Lab at University of Utah",2021-08-25,"a1rVWpE0V4zMCUk591/P0Q==","P","1",10,25,100,"phosphorus",955.08,"microgramsPerLiter","ICPMetalsLab_P_V2.1","Ivanov et al 2012","N",NA,NA,"20221128T212555Z","PROVISIONAL","EPI"
"127","fdd92a2a-0fbd-43f4-a354-e332f0a023e6","D12","BLDE","BLDE.AOS.reach",2020-07-28,"BLDE.20200728.EPILITHON.1.P.1","A00000115406","21-103","condition ok","SIRFER Lab at University of Utah",2021-08-25,"a1rVWpE0V4zMCUk591/P0Q==","P","1",10,25,100,"phosphorus",815.42,"microgramsPerLiter","ICPMetalsLab_P_V2.1","Ivanov et al 2012","N",NA,NA,"20221128T212555Z","PROVISIONAL","EPI"
"128","fe51ed03-40ef-45c3-adf5-eaa6ef77c84a","D12","BLDE","BLDE.AOS.reach",2020-07-28,"BLDE.20200728.EPILITHON.8.P.1","A00000115414","21-103","condition ok","SIRFER Lab at University of Utah",2021-09-09,"a1rVWpE0V4zMCUk591/P0Q==","P","1",12,25,100,"phosphorus",575.85,"microgramsPerLiter","ICPMetalsLab_P_V2.1","Ivanov et al 2012","N",NA,NA,"20221128T212555Z","PROVISIONAL","EPI"
"129","aaa55ffd-cd1e-441c-ae43-ef85bbe520ad","D12","BLDE","BLDE.AOS.reach",2020-07-28,"BLDE.20200728.EPILITHON.7.P.1","A00000115416","21-103","condition ok","SIRFER Lab at University of Utah",2021-09-09,"a1rVWpE0V4zMCUk591/P0Q==","P","1",12,25,100,"phosphorus",466.42,"microgramsPerLiter","ICPMetalsLab_P_V2.1","Ivanov et al 2012","N",NA,NA,"20221128T212555Z","PROVISIONAL","EPI"
"130","c2e6cc4e-82df-44f3-93cf-5052963ff9d2","D12","BLDE","BLDE.AOS.reach",2020-07-28,"BLDE.20200728.EPILITHON.2.CNSA.1","A00000115309","21-102","condition ok","SIRFER Lab at University of Utah",2021-05-12,"ElFtGy1kV49xqNP00HfxQA==","CNS","1",8,25,100,"carbon",54642.33,"microgramsPerLiter","SIRFER_algalPlantChem_isotopes_V1","Revesz & Coplen 2012a","N",NA,NA,"20221128T212555Z","PROVISIONAL","EPI"
"131","ebdeb085-db6b-4135-845c-84679f4fb877","D12","BLDE","BLDE.AOS.reach",2020-07-28,"BLDE.20200728.EPILITHON.2.REP2.CNSA.2","A00000115360","21-102","condition ok","SIRFER Lab at University of Utah",2021-07-06,"ElFtGy1kV49xqNP00HfxQA==","CNS","1",8,25,100,"carbon",53584.77,"microgramsPerLiter","SIRFER_algalPlantChem_isotopes_V1","Revesz & Coplen 2012a","N",NA,NA,"20221128T212555Z","PROVISIONAL","EPI"
"132","7e799895-d5bb-4ee5-b445-9673aa075784","D12","BLDE","BLDE.AOS.reach",2020-07-28,"BLDE.20200728.EPILITHON.3.CNSA.1","A00000115421","21-102","condition ok","SIRFER Lab at University of Utah",2021-05-12,"ElFtGy1kV49xqNP00HfxQA==","CNS","1",12,25,100,"nitrogen",2482.19,"microgramsPerLiter","SIRFER_algalPlantChem_isotopes_V1","Revesz & Coplen 2012a","N",NA,NA,"20221128T212555Z","PROVISIONAL","EPI"
"133","971e309f-8de3-497f-8b25-b164f9f0cddf","D12","BLDE","BLDE.AOS.reach",2020-07-28,"BLDE.20200728.EPILITHON.1.CNSA.1","A00000115392","21-102","condition ok","SIRFER Lab at University of Utah",2021-05-12,"ElFtGy1kV49xqNP00HfxQA==","CNS","1",10,25,100,"carbon",58658.08,"microgramsPerLiter","SIRFER_algalPlantChem_isotopes_V1","Revesz & Coplen 2012a","N",NA,NA,"20221128T212555Z","PROVISIONAL","EPI"
"134","20627e6c-082e-44bb-8e01-c87672b21b56","D12","BLDE","BLDE.AOS.reach",2020-07-28,"BLDE.20200728.EPILITHON.7.CNSA.1","A00000115388","21-102","condition ok","SIRFER Lab at University of Utah",2021-05-12,"ElFtGy1kV49xqNP00HfxQA==","CNS","1",12,25,100,"carbon",51097.72,"microgramsPerLiter","SIRFER_algalPlantChem_isotopes_V1","Revesz & Coplen 2012a","N",NA,NA,"20221128T212555Z","PROVISIONAL","EPI"
"135","1728ad49-6bd4-4fea-b668-c42c5489a4df","D12","BLDE","BLDE.AOS.reach",2020-07-28,"BLDE.20200728.EPILITHON.2.CNSA.1","A00000115309","21-102","condition ok","SIRFER Lab at University of Utah",2021-05-12,"ElFtGy1kV49xqNP00HfxQA==","CNS","1",8,25,100,"nitrogen",4735.55,"microgramsPerLiter","SIRFER_algalPlantChem_isotopes_V1","Revesz & Coplen 2012a","N",NA,NA,"20221128T212555Z","PROVISIONAL","EPI"
"136","17225ea9-9894-4dea-b804-a91331b82266","D12","BLDE","BLDE.AOS.reach",2020-07-28,"BLDE.20200728.EPILITHON.1.CNSB.1","A00000115391","21-102","condition ok","SIRFER Lab at University of Utah",2021-06-02,"ElFtGy1kV49xqNP00HfxQA==","CNS","1",10,25,100,"carbon",67070.86,"microgramsPerLiter","SIRFER_algalPlantChem_isotopes_V1","Revesz & Coplen 2012a","Y",NA,NA,"20221128T212555Z","PROVISIONAL","EPI"
"137","73f89be9-3b02-478a-a65f-4c3012176442","D12","BLDE","BLDE.AOS.reach",2020-07-28,"BLDE.20200728.EPILITHON.4.CNSA.1","A00000115404","21-102","condition ok","SIRFER Lab at University of Utah",2021-05-12,"ElFtGy1kV49xqNP00HfxQA==","CNS","1",10,25,100,"carbon",93979.07,"microgramsPerLiter","SIRFER_algalPlantChem_isotopes_V1","Revesz & Coplen 2012a","N",NA,NA,"20221128T212555Z","PROVISIONAL","EPI"
"138","7549c5f3-dfc1-44eb-bec1-69c4ba4d52d7","D12","BLDE","BLDE.AOS.reach",2020-07-28,"BLDE.20200728.EPILITHON.7.CNSB.1","A00000115387","21-102","condition ok","SIRFER Lab at University of Utah",2021-06-02,"ElFtGy1kV49xqNP00HfxQA==","CNS","1",12,25,100,"carbon",38878.2,"microgramsPerLiter","SIRFER_algalPlantChem_isotopes_V1","Revesz & Coplen 2012a","Y",NA,NA,"20221128T212555Z","PROVISIONAL","EPI"
"139","c19beab4-b280-4051-82fe-4d3655b5e0a8","D12","BLDE","BLDE.AOS.reach",2020-07-28,"BLDE.20200728.EPILITHON.5.CNSA.1","A00000115419","21-102","condition ok","SIRFER Lab at University of Utah",2021-05-12,"ElFtGy1kV49xqNP00HfxQA==","CNS","1",8,25,100,"carbon",101314.44,"microgramsPerLiter","SIRFER_algalPlantChem_isotopes_V1","Revesz & Coplen 2012a","N",NA,NA,"20221128T212555Z","PROVISIONAL","EPI"
"140","66259967-d90a-47d7-b678-7b44b8be72b0","D12","BLDE","BLDE.AOS.reach",2020-07-28,"BLDE.20200728.EPILITHON.2.CNSB.1","A00000115308","21-102","condition ok","SIRFER Lab at University of Utah",2021-06-02,"ElFtGy1kV49xqNP00HfxQA==","CNS","1",8,25,100,"carbon",53524.64,"microgramsPerLiter","SIRFER_algalPlantChem_isotopes_V1","Revesz & Coplen 2012a","Y",NA,NA,"20221128T212555Z","PROVISIONAL","EPI"
"141","7b119f93-137f-4b77-b217-8a4390d7f1ec","D12","BLDE","BLDE.AOS.reach",2020-07-28,"BLDE.20200728.EPILITHON.8.CNSA.1","A00000115415","21-102","condition ok","SIRFER Lab at University of Utah",2021-05-12,"ElFtGy1kV49xqNP00HfxQA==","CNS","1",12,25,100,"nitrogen",5010.29,"microgramsPerLiter","SIRFER_algalPlantChem_isotopes_V1","Revesz & Coplen 2012a","N",NA,NA,"20221128T212555Z","PROVISIONAL","EPI"
"142","c0f183f8-da38-4dc0-afd5-631f1bf9ee68","D12","BLDE","BLDE.AOS.reach",2020-07-28,"BLDE.20200728.EPILITHON.4.CNSB.1","A00000115420","21-102","condition ok","SIRFER Lab at University of Utah",2021-06-02,"ElFtGy1kV49xqNP00HfxQA==","CNS","1",10,25,100,"carbon",64590.63,"microgramsPerLiter","SIRFER_algalPlantChem_isotopes_V1","Revesz & Coplen 2012a","Y",NA,NA,"20221128T212555Z","PROVISIONAL","EPI"
"143","b7301b08-e9e2-47bb-9ef3-dd4048c4470b","D12","BLDE","BLDE.AOS.reach",2020-07-28,"BLDE.20200728.EPILITHON.4.CNSA.1","A00000115404","21-102","condition ok","SIRFER Lab at University of Utah",2021-05-12,"ElFtGy1kV49xqNP00HfxQA==","CNS","1",10,25,100,"nitrogen",7136.07,"microgramsPerLiter","SIRFER_algalPlantChem_isotopes_V1","Revesz & Coplen 2012a","N",NA,NA,"20221128T212555Z","PROVISIONAL","EPI"
"144","e419fab0-fed6-4225-8f37-2731c2009191","D12","BLDE","BLDE.AOS.reach",2020-07-28,"BLDE.20200728.EPILITHON.8.CNSB.1","A00000115386","21-102","condition ok","SIRFER Lab at University of Utah",2021-06-02,"ElFtGy1kV49xqNP00HfxQA==","CNS","1",12,25,100,"carbon",39108.82,"microgramsPerLiter","SIRFER_algalPlantChem_isotopes_V1","Revesz & Coplen 2012a","Y",NA,NA,"20221128T212555Z","PROVISIONAL","EPI"
"145","1d638818-8706-4fb8-b2c5-1164f047d6c8","D12","BLDE","BLDE.AOS.reach",2020-07-28,"BLDE.20200728.EPILITHON.3.CNSA.1","A00000115421","21-102","condition ok","SIRFER Lab at University of Utah",2021-05-12,"ElFtGy1kV49xqNP00HfxQA==","CNS","1",12,25,100,"carbon",39165.76,"microgramsPerLiter","SIRFER_algalPlantChem_isotopes_V1","Revesz & Coplen 2012a","N",NA,NA,"20221128T212555Z","PROVISIONAL","EPI"
"146","2938b024-3550-40f4-b521-65d2ecabdab4","D12","BLDE","BLDE.AOS.reach",2020-07-28,"BLDE.20200728.EPILITHON.7.CNSA.1","A00000115388","21-102","condition ok","SIRFER Lab at University of Utah",2021-05-12,"ElFtGy1kV49xqNP00HfxQA==","CNS","1",12,25,100,"nitrogen",4594.96,"microgramsPerLiter","SIRFER_algalPlantChem_isotopes_V1","Revesz & Coplen 2012a","N",NA,NA,"20221128T212555Z","PROVISIONAL","EPI"
"147","239f7d29-7d8c-4940-9f8d-0a574820fb56","D12","BLDE","BLDE.AOS.reach",2020-07-28,"BLDE.20200728.EPILITHON.2.REP2.CNSB.2","A00000115376","21-102","condition ok","SIRFER Lab at University of Utah",2021-08-03,"ElFtGy1kV49xqNP00HfxQA==","CNS","1",8,25,100,"carbon",54732.11,"microgramsPerLiter","SIRFER_algalPlantChem_isotopes_V1","Revesz & Coplen 2012a","Y",NA,NA,"20221128T212555Z","PROVISIONAL","EPI"
"148","1d7e0700-34ab-466e-a91c-92c0ba96c369","D12","BLDE","BLDE.AOS.reach",2020-07-28,"BLDE.20200728.EPILITHON.5.CNSA.1","A00000115419","21-102","condition ok","SIRFER Lab at University of Utah",2021-05-12,"ElFtGy1kV49xqNP00HfxQA==","CNS","1",8,25,100,"nitrogen",10338.66,"microgramsPerLiter","SIRFER_algalPlantChem_isotopes_V1","Revesz & Coplen 2012a","N",NA,NA,"20221128T212555Z","PROVISIONAL","EPI"
"149","25e80361-d581-4635-a985-abdca5c257d5","D12","BLDE","BLDE.AOS.reach",2020-07-28,"BLDE.20200728.EPILITHON.6.CNSB.1","A00000115401","21-102","condition ok","SIRFER Lab at University of Utah",2021-06-02,"ElFtGy1kV49xqNP00HfxQA==","CNS","1",12,25,100,"carbon",30466.35,"microgramsPerLiter","SIRFER_algalPlantChem_isotopes_V1","Revesz & Coplen 2012a","Y",NA,NA,"20221128T212555Z","PROVISIONAL","EPI"
"150","a2506631-b153-4ea0-8542-6b7aae3af885","D12","BLDE","BLDE.AOS.reach",2020-07-28,"BLDE.20200728.EPILITHON.5.CNSB.1","A00000115418","21-102","condition ok","SIRFER Lab at University of Utah",2021-06-02,"ElFtGy1kV49xqNP00HfxQA==","CNS","1",8,25,100,"carbon",82004.71,"microgramsPerLiter","SIRFER_algalPlantChem_isotopes_V1","Revesz & Coplen 2012a","Y",NA,NA,"20221128T212555Z","PROVISIONAL","EPI"
"151","0e39d2b4-f66c-4ad5-b623-fb12f7a59318","D12","BLDE","BLDE.AOS.reach",2020-07-28,"BLDE.20200728.EPILITHON.6.CNSA.1","A00000115402","21-102","condition ok","SIRFER Lab at University of Utah",2021-05-12,"ElFtGy1kV49xqNP00HfxQA==","CNS","1",12,25,100,"nitrogen",3745.21,"microgramsPerLiter","SIRFER_algalPlantChem_isotopes_V1","Revesz & Coplen 2012a","N",NA,NA,"20221128T212555Z","PROVISIONAL","EPI"
"152","143aeed1-4998-4784-9643-c33bbb472b30","D12","BLDE","BLDE.AOS.reach",2020-07-28,"BLDE.20200728.EPILITHON.1.CNSA.1","A00000115392","21-102","condition ok","SIRFER Lab at University of Utah",2021-05-12,"ElFtGy1kV49xqNP00HfxQA==","CNS","1",10,25,100,"nitrogen",5800.61,"microgramsPerLiter","SIRFER_algalPlantChem_isotopes_V1","Revesz & Coplen 2012a","N",NA,NA,"20221128T212555Z","PROVISIONAL","EPI"
"153","408a03d5-7282-459a-8b9e-257828718232","D12","BLDE","BLDE.AOS.reach",2020-07-28,"BLDE.20200728.EPILITHON.3.CNSB.1","A00000115390","21-102","condition ok","SIRFER Lab at University of Utah",2021-06-02,"ElFtGy1kV49xqNP00HfxQA==","CNS","1",12,25,100,"carbon",22454.74,"microgramsPerLiter","SIRFER_algalPlantChem_isotopes_V1","Revesz & Coplen 2012a","Y",NA,NA,"20221128T212555Z","PROVISIONAL","EPI"
"154","7e4bc49b-10a4-45e7-ae84-32901e2b6fd3","D12","BLDE","BLDE.AOS.reach",2020-07-28,"BLDE.20200728.EPILITHON.6.CNSA.1","A00000115402","21-102","condition ok","SIRFER Lab at University of Utah",2021-05-12,"ElFtGy1kV49xqNP00HfxQA==","CNS","1",12,25,100,"carbon",36645.6,"microgramsPerLiter","SIRFER_algalPlantChem_isotopes_V1","Revesz & Coplen 2012a","N",NA,NA,"20221128T212555Z","PROVISIONAL","EPI"
"155","edce04f7-6997-4f54-87a8-54ad848d4218","D12","BLDE","BLDE.AOS.reach",2020-07-28,"BLDE.20200728.EPILITHON.2.REP2.CNSA.2","A00000115360","21-102","condition ok","SIRFER Lab at University of Utah",2021-07-06,"ElFtGy1kV49xqNP00HfxQA==","CNS","1",8,25,100,"nitrogen",5022.53,"microgramsPerLiter","SIRFER_algalPlantChem_isotopes_V1","Revesz & Coplen 2012a","N",NA,NA,"20221128T212555Z","PROVISIONAL","EPI"
"156","292bc480-a83f-49d8-8207-feba307f9897","D12","BLDE","BLDE.AOS.reach",2020-07-28,"BLDE.20200728.EPILITHON.8.CNSA.1","A00000115415","21-102","condition ok","SIRFER Lab at University of Utah",2021-05-12,"ElFtGy1kV49xqNP00HfxQA==","CNS","1",12,25,100,"carbon",47690.29,"microgramsPerLiter","SIRFER_algalPlantChem_isotopes_V1","Revesz & Coplen 2012a","N",NA,NA,"20221128T212555Z","PROVISIONAL","EPI"
"157","06b6f1a0-70e4-4103-be53-e3cf295c3653","D12","BLDE","BLDE.AOS.reach",2020-09-08,"BLDE.20200908.EPILITHON.6.P.1","A00000117323","21-156","condition ok","SIRFER Lab at University of Utah",2021-10-05,"a1rVWpE0V4zMCUk591/P0Q==","P","1",10,25,100,"phosphorus",269.06,"microgramsPerLiter","ICPMetalsLab_P_V2.1","Ivanov et al 2012","N",NA,NA,"20221128T211548Z","PROVISIONAL","EPI"
"158","d2e8de46-499e-48bf-963b-2a34e4bfa4d2","D12","BLDE","BLDE.AOS.reach",2020-09-08,"BLDE.20200908.EPILITHON.1.P.1","A00000117315","21-156","condition ok","SIRFER Lab at University of Utah",2021-10-05,"a1rVWpE0V4zMCUk591/P0Q==","P","1",5,25,100,"phosphorus",686.4,"microgramsPerLiter","ICPMetalsLab_P_V2.1","Ivanov et al 2012","N",NA,NA,"20221128T211548Z","PROVISIONAL","EPI"
"159","c2754f7e-90bd-41c3-abd5-4ebca246e55a","D12","BLDE","BLDE.AOS.reach",2020-09-08,"BLDE.20200908.EPILITHON.2.P.1","A00000117314","21-156","condition ok","SIRFER Lab at University of Utah",2021-10-05,"a1rVWpE0V4zMCUk591/P0Q==","P","1",5,25,100,"phosphorus",763.5,"microgramsPerLiter","ICPMetalsLab_P_V2.1","Ivanov et al 2012","N",NA,NA,"20221128T211548Z","PROVISIONAL","EPI"
"160","46c63929-9e9c-4ff3-956e-63c397371529","D12","BLDE","BLDE.AOS.reach",2020-09-08,"BLDE.20200908.EPILITHON.3.P.1","A00000117326","21-156","condition ok","SIRFER Lab at University of Utah",2021-10-05,"a1rVWpE0V4zMCUk591/P0Q==","P","1",5,25,100,"phosphorus",1085.75,"microgramsPerLiter","ICPMetalsLab_P_V2.1","Ivanov et al 2012","N",NA,NA,"20221128T211548Z","PROVISIONAL","EPI"
"161","7dc93f3e-c3c3-4a38-94c6-db92ff8fd70e","D12","BLDE","BLDE.AOS.reach",2020-09-08,"BLDE.20200908.EPILITHON.2.REP2.P.2","A00000117313","21-156","condition ok","SIRFER Lab at University of Utah",2021-10-05,"a1rVWpE0V4zMCUk591/P0Q==","P","1",5,25,100,"phosphorus",804.29,"microgramsPerLiter","ICPMetalsLab_P_V2.1","Ivanov et al 2012","N",NA,NA,"20221128T211548Z","PROVISIONAL","EPI"
"162","fc54b869-da36-435b-af29-7dbf7bedae87","D12","BLDE","BLDE.AOS.reach",2020-09-08,"BLDE.20200908.EPILITHON.7.P.1","A00000117295","21-156","condition ok","SIRFER Lab at University of Utah",2021-10-05,"a1rVWpE0V4zMCUk591/P0Q==","P","1",5,25,100,"phosphorus",760.49,"microgramsPerLiter","ICPMetalsLab_P_V2.1","Ivanov et al 2012","N",NA,NA,"20221128T211548Z","PROVISIONAL","EPI"
"163","30166817-37e4-4d45-8370-8de58abcdd28","D12","BLDE","BLDE.AOS.reach",2020-09-08,"BLDE.20200908.EPILITHON.5.P.1","A00000117324","21-156","condition ok","SIRFER Lab at University of Utah",2021-10-05,"a1rVWpE0V4zMCUk591/P0Q==","P","1",5,25,100,"phosphorus",2197.02,"microgramsPerLiter","ICPMetalsLab_P_V2.1","Ivanov et al 2012","N",NA,NA,"20221128T211548Z","PROVISIONAL","EPI"
"164","1dc535dc-68d0-4ef1-a2b7-accecd534dad","D12","BLDE","BLDE.AOS.reach",2020-09-08,"BLDE.20200908.EPILITHON.4.P.1","A00000117296","21-156","condition ok","SIRFER Lab at University of Utah",2021-10-05,"a1rVWpE0V4zMCUk591/P0Q==","P","1",10,25,100,"phosphorus",445.89,"microgramsPerLiter","ICPMetalsLab_P_V2.1","Ivanov et al 2012","N",NA,NA,"20221128T211548Z","PROVISIONAL","EPI"
"165","1223834f-c2d2-4a81-8a17-1d27917e454b","D12","BLDE","BLDE.AOS.reach",2020-09-08,"BLDE.20200908.EPILITHON.8.CNSB.1","A00000117294","21-155","condition ok","SIRFER Lab at University of Utah",2021-07-12,"ElFtGy1kV49xqNP00HfxQA==","CNS","1",5,25,100,"carbon",37464.83,"microgramsPerLiter","SIRFER_algalPlantChem_isotopes_V1","Revesz & Coplen 2012a","Y",NA,NA,"20221128T211548Z","PROVISIONAL","EPI"
"166","071c6803-1be0-443c-a276-feb87bbccea9","D12","BLDE","BLDE.AOS.reach",2020-09-08,"BLDE.20200908.EPILITHON.2.CNSA.1","A00000117330","21-155","condition ok","SIRFER Lab at University of Utah",2021-07-02,"ElFtGy1kV49xqNP00HfxQA==","CNS","1",5,25,100,"nitrogen",5311.25,"microgramsPerLiter","SIRFER_algalPlantChem_isotopes_V1","Revesz & Coplen 2012a","N",NA,NA,"20221128T211548Z","PROVISIONAL","EPI"
"167","df81c492-1e02-4a0d-8a88-05d207557db1","D12","BLDE","BLDE.AOS.reach",2020-09-08,"BLDE.20200908.EPILITHON.5.CNSA.1","A00000117325","21-155","condition ok","SIRFER Lab at University of Utah",2021-07-02,"ElFtGy1kV49xqNP00HfxQA==","CNS","1",5,25,100,"nitrogen",10563.68,"microgramsPerLiter","SIRFER_algalPlantChem_isotopes_V1","Revesz & Coplen 2012a","N",NA,NA,"20221128T211548Z","PROVISIONAL","EPI"
"168","0a348ee3-da18-4f2d-83e0-3808a38ca5dd","D12","BLDE","BLDE.AOS.reach",2020-09-08,"BLDE.20200908.EPILITHON.1.CNSA.1","A00000117332","21-155","condition ok","SIRFER Lab at University of Utah",2021-07-02,"ElFtGy1kV49xqNP00HfxQA==","CNS","1",5,25,100,"nitrogen",7774.33,"microgramsPerLiter","SIRFER_algalPlantChem_isotopes_V1","Revesz & Coplen 2012a","N",NA,NA,"20221128T211548Z","PROVISIONAL","EPI"
"169","b9e7d852-1ce1-4199-9060-40739bdc3e45","D12","BLDE","BLDE.AOS.reach",2020-09-08,"BLDE.20200908.EPILITHON.8.CNSA.1","A00000117280","21-155","condition ok","SIRFER Lab at University of Utah",2021-07-02,"ElFtGy1kV49xqNP00HfxQA==","CNS","1",5,25,100,"nitrogen",5416.16,"microgramsPerLiter","SIRFER_algalPlantChem_isotopes_V1","Revesz & Coplen 2012a","N",NA,NA,"20221128T211548Z","PROVISIONAL","EPI"
"170","459945a8-4515-42a3-a079-f00e92722f98","D12","BLDE","BLDE.AOS.reach",2020-09-08,"BLDE.20200908.EPILITHON.7.CNSA.1","A00000117309","21-155","condition ok","SIRFER Lab at University of Utah",2021-07-02,"ElFtGy1kV49xqNP00HfxQA==","CNS","1",5,25,100,"nitrogen",9144.17,"microgramsPerLiter","SIRFER_algalPlantChem_isotopes_V1","Revesz & Coplen 2012a","N",NA,NA,"20221128T211548Z","PROVISIONAL","EPI"
"171","4d4fc621-8b04-416b-ae75-e175e2799a5e","D12","BLDE","BLDE.AOS.reach",2020-09-08,"BLDE.20200908.EPILITHON.7.CNSB.1","A00000117308","21-155","condition ok","SIRFER Lab at University of Utah",2021-07-12,"ElFtGy1kV49xqNP00HfxQA==","CNS","1",5,25,100,"carbon",69626.21,"microgramsPerLiter","SIRFER_algalPlantChem_isotopes_V1","Revesz & Coplen 2012a","Y",NA,NA,"20221128T211548Z","PROVISIONAL","EPI"
"172","13de3d7a-3b5e-47a0-9cbf-9638a19f1fc4","D12","BLDE","BLDE.AOS.reach",2020-09-08,"BLDE.20200908.EPILITHON.1.CNSA.1","A00000117332","21-155","condition ok","SIRFER Lab at University of Utah",2021-07-02,"ElFtGy1kV49xqNP00HfxQA==","CNS","1",5,25,100,"carbon",59438.67,"microgramsPerLiter","SIRFER_algalPlantChem_isotopes_V1","Revesz & Coplen 2012a","N",NA,NA,"20221128T211548Z","PROVISIONAL","EPI"
"173","7b2e759a-5a9f-4e8b-bac8-cc6599e0a282","D12","BLDE","BLDE.AOS.reach",2020-09-08,"BLDE.20200908.EPILITHON.7.CNSA.1","A00000117309","21-155","condition ok","SIRFER Lab at University of Utah",2021-07-02,"ElFtGy1kV49xqNP00HfxQA==","CNS","1",5,25,100,"carbon",80876.45,"microgramsPerLiter","SIRFER_algalPlantChem_isotopes_V1","Revesz & Coplen 2012a","N",NA,NA,"20221128T211548Z","PROVISIONAL","EPI"
"174","d9419b11-a82d-418e-92e7-8e9f92330505","D12","BLDE","BLDE.AOS.reach",2020-09-08,"BLDE.20200908.EPILITHON.2.REP2.CNSB.2","A00000117327","21-155","condition ok","SIRFER Lab at University of Utah",2021-07-12,"ElFtGy1kV49xqNP00HfxQA==","CNS","1",5,25,100,"carbon",65632.4,"microgramsPerLiter","SIRFER_algalPlantChem_isotopes_V1","Revesz & Coplen 2012a","Y",NA,NA,"20221128T211548Z","PROVISIONAL","EPI"
"175","716b3aa5-b458-4cb8-98ee-b3120432b67a","D12","BLDE","BLDE.AOS.reach",2020-09-08,"BLDE.20200908.EPILITHON.6.CNSA.1","A00000117281","21-155","condition ok","SIRFER Lab at University of Utah",2021-07-02,"ElFtGy1kV49xqNP00HfxQA==","CNS","1",10,25,100,"carbon",29508.24,"microgramsPerLiter","SIRFER_algalPlantChem_isotopes_V1","Revesz & Coplen 2012a","N",NA,NA,"20221128T211548Z","PROVISIONAL","EPI"
"176","2dc21997-09ab-48d3-9f00-7abdf7701ecf","D12","BLDE","BLDE.AOS.reach",2020-09-08,"BLDE.20200908.EPILITHON.2.REP2.CNSA.2","A00000117328","21-155","condition ok","SIRFER Lab at University of Utah",2021-07-02,"ElFtGy1kV49xqNP00HfxQA==","CNS","1",5,25,100,"nitrogen",10024.01,"microgramsPerLiter","SIRFER_algalPlantChem_isotopes_V1","Revesz & Coplen 2012a","N",NA,NA,"20221128T211548Z","PROVISIONAL","EPI"
"177","ea9060f5-4081-4f06-95bf-1f6b1ad746ec","D12","BLDE","BLDE.AOS.reach",2020-09-08,"BLDE.20200908.EPILITHON.1.CNSB.1","A00000117331","21-155","condition ok","SIRFER Lab at University of Utah",2021-07-12,"ElFtGy1kV49xqNP00HfxQA==","CNS","1",5,25,100,"carbon",57487.55,"microgramsPerLiter","SIRFER_algalPlantChem_isotopes_V1","Revesz & Coplen 2012a","Y",NA,NA,"20221128T211548Z","PROVISIONAL","EPI"
"178","8d2c1179-802e-42d7-94ee-3628fb009350","D12","BLDE","BLDE.AOS.reach",2020-09-08,"BLDE.20200908.EPILITHON.3.CNSA.1","A00000117298","21-155","condition ok","SIRFER Lab at University of Utah",2021-07-02,"ElFtGy1kV49xqNP00HfxQA==","CNS","1",5,25,100,"carbon",78392.47,"microgramsPerLiter","SIRFER_algalPlantChem_isotopes_V1","Revesz & Coplen 2012a","N",NA,NA,"20221128T211548Z","PROVISIONAL","EPI"
"179","80174e7b-20b3-490e-bec7-5748dbe90586","D12","BLDE","BLDE.AOS.reach",2020-09-08,"BLDE.20200908.EPILITHON.6.CNSB.1","A00000117264","21-155","condition ok","SIRFER Lab at University of Utah",2021-07-12,"ElFtGy1kV49xqNP00HfxQA==","CNS","1",10,25,100,"carbon",30154.75,"microgramsPerLiter","SIRFER_algalPlantChem_isotopes_V1","Revesz & Coplen 2012a","Y",NA,NA,"20221128T211548Z","PROVISIONAL","EPI"
"180","4132d263-3d5b-4c9f-926d-9402bed5724b","D12","BLDE","BLDE.AOS.reach",2020-09-08,"BLDE.20200908.EPILITHON.2.CNSA.1","A00000117330","21-155","condition ok","SIRFER Lab at University of Utah",2021-07-02,"ElFtGy1kV49xqNP00HfxQA==","CNS","1",5,25,100,"carbon",52178.19,"microgramsPerLiter","SIRFER_algalPlantChem_isotopes_V1","Revesz & Coplen 2012a","N",NA,NA,"20221128T211548Z","PROVISIONAL","EPI"
"181","c7512d6e-bcad-4015-b312-f6760d1f9c00","D12","BLDE","BLDE.AOS.reach",2020-09-08,"BLDE.20200908.EPILITHON.3.CNSA.1","A00000117298","21-155","condition ok","SIRFER Lab at University of Utah",2021-07-02,"ElFtGy1kV49xqNP00HfxQA==","CNS","1",5,25,100,"nitrogen",6722.81,"microgramsPerLiter","SIRFER_algalPlantChem_isotopes_V1","Revesz & Coplen 2012a","N",NA,NA,"20221128T211548Z","PROVISIONAL","EPI"
"182","9502ef41-9a42-479d-b61d-2f1f3b175d7f","D12","BLDE","BLDE.AOS.reach",2020-09-08,"BLDE.20200908.EPILITHON.4.CNSA.1","A00000117297","21-155","condition ok","SIRFER Lab at University of Utah",2021-07-02,"ElFtGy1kV49xqNP00HfxQA==","CNS","1",10,25,100,"carbon",38823.15,"microgramsPerLiter","SIRFER_algalPlantChem_isotopes_V1","Revesz & Coplen 2012a","N",NA,NA,"20221128T211548Z","PROVISIONAL","EPI"
"183","f8a69ece-e4e4-47b6-bce9-206b59973a63","D12","BLDE","BLDE.AOS.reach",2020-09-08,"BLDE.20200908.EPILITHON.4.CNSB.1","A00000117311","21-155","condition ok","SIRFER Lab at University of Utah",2021-07-12,"ElFtGy1kV49xqNP00HfxQA==","CNS","1",10,25,100,"carbon",40228.69,"microgramsPerLiter","SIRFER_algalPlantChem_isotopes_V1","Revesz & Coplen 2012a","Y",NA,NA,"20221128T211548Z","PROVISIONAL","EPI"
"184","41b714d7-c1a4-4fbe-881c-fe4130ac17da","D12","BLDE","BLDE.AOS.reach",2020-09-08,"BLDE.20200908.EPILITHON.3.CNSB.1","A00000117312","21-155","condition ok","SIRFER Lab at University of Utah",2021-07-12,"ElFtGy1kV49xqNP00HfxQA==","CNS","1",5,25,100,"carbon",79846.22,"microgramsPerLiter","SIRFER_algalPlantChem_isotopes_V1","Revesz & Coplen 2012a","Y",NA,NA,"20221128T211548Z","PROVISIONAL","EPI"
"185","cd45b9fd-5541-4aa6-a4a0-e68a11ed0cb7","D12","BLDE","BLDE.AOS.reach",2020-09-08,"BLDE.20200908.EPILITHON.6.CNSA.1","A00000117281","21-155","condition ok","SIRFER Lab at University of Utah",2021-07-02,"ElFtGy1kV49xqNP00HfxQA==","CNS","1",10,25,100,"nitrogen",3694.03,"microgramsPerLiter","SIRFER_algalPlantChem_isotopes_V1","Revesz & Coplen 2012a","N",NA,NA,"20221128T211548Z","PROVISIONAL","EPI"
"186","c534fdb2-da21-4576-b673-e98e5bf830b8","D12","BLDE","BLDE.AOS.reach",2020-09-08,"BLDE.20200908.EPILITHON.2.CNSB.1","A00000117329","21-155","condition ok","SIRFER Lab at University of Utah",2021-07-12,"ElFtGy1kV49xqNP00HfxQA==","CNS","1",5,25,100,"carbon",51258.7,"microgramsPerLiter","SIRFER_algalPlantChem_isotopes_V1","Revesz & Coplen 2012a","Y",NA,NA,"20221128T211548Z","PROVISIONAL","EPI"
"187","b64fa98b-1235-4a83-96f3-e8206cc48eb6","D12","BLDE","BLDE.AOS.reach",2020-09-08,"BLDE.20200908.EPILITHON.2.REP2.CNSA.2","A00000117328","21-155","condition ok","SIRFER Lab at University of Utah",2021-07-02,"ElFtGy1kV49xqNP00HfxQA==","CNS","1",5,25,100,"carbon",83237.7,"microgramsPerLiter","SIRFER_algalPlantChem_isotopes_V1","Revesz & Coplen 2012a","N",NA,NA,"20221128T211548Z","PROVISIONAL","EPI"
"188","4b5dc421-c3ef-4057-a1b1-78b1a44e30cb","D12","BLDE","BLDE.AOS.reach",2020-09-08,"BLDE.20200908.EPILITHON.8.CNSA.1","A00000117280","21-155","condition ok","SIRFER Lab at University of Utah",2021-07-02,"ElFtGy1kV49xqNP00HfxQA==","CNS","1",5,25,100,"carbon",47116.97,"microgramsPerLiter","SIRFER_algalPlantChem_isotopes_V1","Revesz & Coplen 2012a","N",NA,NA,"20221128T211548Z","PROVISIONAL","EPI"
"189","84d15918-3fd0-447b-81d8-cae3b44efea5","D12","BLDE","BLDE.AOS.reach",2020-09-08,"BLDE.20200908.EPILITHON.4.CNSA.1","A00000117297","21-155","condition ok","SIRFER Lab at University of Utah",2021-07-02,"ElFtGy1kV49xqNP00HfxQA==","CNS","1",10,25,100,"nitrogen",4716.94,"microgramsPerLiter","SIRFER_algalPlantChem_isotopes_V1","Revesz & Coplen 2012a","N",NA,NA,"20221128T211548Z","PROVISIONAL","EPI"
"190","94b662e4-3cd1-41b5-a51f-d90a3417a793","D12","BLDE","BLDE.AOS.reach",2020-09-08,"BLDE.20200908.EPILITHON.5.CNSA.1","A00000117325","21-155","condition ok","SIRFER Lab at University of Utah",2021-07-02,"ElFtGy1kV49xqNP00HfxQA==","CNS","1",5,25,100,"carbon",122153.3,"microgramsPerLiter","SIRFER_algalPlantChem_isotopes_V1","Revesz & Coplen 2012a","N",NA,NA,"20221128T211548Z","PROVISIONAL","EPI"
"191","17278b44-e471-4ac9-bec0-f346ee561a2c","D12","BLDE","BLDE.AOS.reach",2020-09-08,"BLDE.20200908.EPILITHON.5.CNSB.1","A00000117310","21-155","condition ok","SIRFER Lab at University of Utah",2021-07-12,"ElFtGy1kV49xqNP00HfxQA==","CNS","1",5,25,100,"carbon",117464.83,"microgramsPerLiter","SIRFER_algalPlantChem_isotopes_V1","Revesz & Coplen 2012a","Y",NA,NA,"20221128T211548Z","PROVISIONAL","EPI"
"192","509ef98b-548a-496f-8645-63c62a0a4308","D12","BLDE","BLDE.AOS.reach",2021-06-28,"BLDE.20210628.EPILITHON.8.CNSB.1","A00000117405","22-001","condition ok","SIRFER Lab at University of Utah",2022-01-26,"ElFtGy1kV49xqNP00HfxQA==","CNS","1",12,25,100,"carbon",24764.7,"microgramsPerLiter","SIRFER_algalPlantChem_isotopes_V1","Revesz & Coplen 2012a","Y",NA,NA,"20221130T001453Z","PROVISIONAL","EPI"
"193","74b92592-a879-42cb-a5ec-402e4f8cdacc","D12","BLDE","BLDE.AOS.reach",2021-06-28,"BLDE.20210628.EPILITHON.1.CNSA.1","A00000117727","22-001","condition ok","SIRFER Lab at University of Utah",2022-01-10,"ElFtGy1kV49xqNP00HfxQA==","CNS","1",8,25,100,"nitrogen",2182.24,"microgramsPerLiter","SIRFER_algalPlantChem_isotopes_V1","Revesz & Coplen 2012a","N",NA,NA,"20221130T001453Z","PROVISIONAL","EPI"
"194","d95c9353-af89-40bf-a51a-1b096d5732d3","D12","BLDE","BLDE.AOS.reach",2021-06-28,"BLDE.20210628.EPILITHON.2.CNSA.1","A00000117726","22-001","condition ok","SIRFER Lab at University of Utah",2022-01-10,"ElFtGy1kV49xqNP00HfxQA==","CNS","1",8,25,100,"nitrogen",5365.5,"microgramsPerLiter","SIRFER_algalPlantChem_isotopes_V1","Revesz & Coplen 2012a","N",NA,NA,"20221130T001453Z","PROVISIONAL","EPI"
"195","1f1d2fbb-8291-480a-ac5e-d1b0c90bab67","D12","BLDE","BLDE.AOS.reach",2021-06-28,"BLDE.20210628.EPILITHON.1.CNSA.1","A00000117727","22-001","condition ok","SIRFER Lab at University of Utah",2022-01-10,"ElFtGy1kV49xqNP00HfxQA==","CNS","1",8,25,100,"carbon",32693.12,"microgramsPerLiter","SIRFER_algalPlantChem_isotopes_V1","Revesz & Coplen 2012a","N",NA,NA,"20221130T001453Z","PROVISIONAL","EPI"
"196","98b687e1-ce9b-4ab3-be67-a1b792ea1422","D12","BLDE","BLDE.AOS.reach",2021-06-28,"BLDE.20210628.EPILITHON.8.CNSA.1","A00000117404","22-001","condition ok","SIRFER Lab at University of Utah",2022-01-10,"ElFtGy1kV49xqNP00HfxQA==","CNS","1",12,25,100,"nitrogen",3178.69,"microgramsPerLiter","SIRFER_algalPlantChem_isotopes_V1","Revesz & Coplen 2012a","N",NA,NA,"20221130T001453Z","PROVISIONAL","EPI"
"197","0cc4e9ea-a1e6-4208-bf87-8f68a0002f4f","D12","BLDE","BLDE.AOS.reach",2021-06-28,"BLDE.20210628.EPILITHON.1.CNSB.1","A00000117728","22-001","condition ok","SIRFER Lab at University of Utah",2022-01-26,"ElFtGy1kV49xqNP00HfxQA==","CNS","1",8,25,100,"carbon",30255.26,"microgramsPerLiter","SIRFER_algalPlantChem_isotopes_V1","Revesz & Coplen 2012a","Y",NA,NA,"20221130T001453Z","PROVISIONAL","EPI"
"198","03a6f18a-0e26-4328-a490-21a5b6060165","D12","BLDE","BLDE.AOS.reach",2021-06-28,"BLDE.20210628.EPILITHON.2.REP2.CNSA.2","A00000117525","22-001","condition ok","SIRFER Lab at University of Utah",2022-01-10,"ElFtGy1kV49xqNP00HfxQA==","CNS","1",8,25,100,"nitrogen",5300.78,"microgramsPerLiter","SIRFER_algalPlantChem_isotopes_V1","Revesz & Coplen 2012a","N",NA,NA,"20221130T001453Z","PROVISIONAL","EPI"
"199","6e3fe842-816b-4111-8b06-d87140333f12","D12","BLDE","BLDE.AOS.reach",2021-06-28,"BLDE.20210628.EPILITHON.5.CNSB.1","A00000117491","22-001","condition ok","SIRFER Lab at University of Utah",2022-01-26,"ElFtGy1kV49xqNP00HfxQA==","CNS","1",8,25,100,"carbon",40601.27,"microgramsPerLiter","SIRFER_algalPlantChem_isotopes_V1","Revesz & Coplen 2012a","Y",NA,NA,"20221130T001453Z","PROVISIONAL","EPI"
"200","aece76e1-83bc-48ff-bfcf-3b35f2002cb2","D12","BLDE","BLDE.AOS.reach",2021-06-28,"BLDE.20210628.EPILITHON.5.CNSA.1","A00000117490","22-001","condition ok","SIRFER Lab at University of Utah",2022-01-10,"ElFtGy1kV49xqNP00HfxQA==","CNS","1",8,25,100,"nitrogen",3580.47,"microgramsPerLiter","SIRFER_algalPlantChem_isotopes_V1","Revesz & Coplen 2012a","N",NA,NA,"20221130T001453Z","PROVISIONAL","EPI"
"201","44e01b13-3077-4de8-b7a1-daf7a57e47d1","D12","BLDE","BLDE.AOS.reach",2021-06-28,"BLDE.20210628.EPILITHON.6.CNSA.1","A00000117402","22-001","condition ok","SIRFER Lab at University of Utah",2022-01-10,"ElFtGy1kV49xqNP00HfxQA==","CNS","1",8,25,100,"nitrogen",4562.96,"microgramsPerLiter","SIRFER_algalPlantChem_isotopes_V1","Revesz & Coplen 2012a","N",NA,NA,"20221130T001453Z","PROVISIONAL","EPI"
"202","d4141fc0-1402-4cb8-84d2-d8f06cc41f0d","D12","BLDE","BLDE.AOS.reach",2021-06-28,"BLDE.20210628.EPILITHON.2.CNSB.1","A00000117526","22-001","condition ok","SIRFER Lab at University of Utah",2022-01-26,"ElFtGy1kV49xqNP00HfxQA==","CNS","1",8,25,100,"carbon",50111.87,"microgramsPerLiter","SIRFER_algalPlantChem_isotopes_V1","Revesz & Coplen 2012a","Y",NA,NA,"20221130T001453Z","PROVISIONAL","EPI"
"203","c6d9a8ab-4825-486f-a6f7-96766200273d","D12","BLDE","BLDE.AOS.reach",2021-06-28,"BLDE.20210628.EPILITHON.3.CNSB.1","A00000117509","22-001","condition ok","SIRFER Lab at University of Utah",2022-01-26,"ElFtGy1kV49xqNP00HfxQA==","CNS","1",8,25,100,"carbon",35346.65,"microgramsPerLiter","SIRFER_algalPlantChem_isotopes_V1","Revesz & Coplen 2012a","Y",NA,NA,"20221130T001453Z","PROVISIONAL","EPI"
"204","6df434fc-b700-42e9-89ea-5b22a87bd811","D12","BLDE","BLDE.AOS.reach",2021-06-28,"BLDE.20210628.EPILITHON.7.CNSA.1","A00000117403","22-001","condition ok","SIRFER Lab at University of Utah",2022-01-10,"ElFtGy1kV49xqNP00HfxQA==","CNS","1",8,25,100,"nitrogen",3937.32,"microgramsPerLiter","SIRFER_algalPlantChem_isotopes_V1","Revesz & Coplen 2012a","N",NA,NA,"20221130T001453Z","PROVISIONAL","EPI"
"205","8eb6b9bd-c9f7-4602-85ba-276e66e12953","D12","BLDE","BLDE.AOS.reach",2021-06-28,"BLDE.20210628.EPILITHON.4.CNSA.1","A00000117510","22-001","condition ok","SIRFER Lab at University of Utah",2022-01-10,"ElFtGy1kV49xqNP00HfxQA==","CNS","1",8,25,100,"carbon",27043.3,"microgramsPerLiter","SIRFER_algalPlantChem_isotopes_V1","Revesz & Coplen 2012a","N",NA,NA,"20221130T001453Z","PROVISIONAL","EPI"
"206","0ad9e190-6282-4fd4-b4e1-2bcd1917a4a9","D12","BLDE","BLDE.AOS.reach",2021-06-28,"BLDE.20210628.EPILITHON.7.CNSA.1","A00000117403","22-001","condition ok","SIRFER Lab at University of Utah",2022-01-10,"ElFtGy1kV49xqNP00HfxQA==","CNS","1",8,25,100,"carbon",32950.71,"microgramsPerLiter","SIRFER_algalPlantChem_isotopes_V1","Revesz & Coplen 2012a","N",NA,NA,"20221130T001453Z","PROVISIONAL","EPI"
"207","85d89343-e5f6-4675-8cb7-557e69463e73","D12","BLDE","BLDE.AOS.reach",2021-06-28,"BLDE.20210628.EPILITHON.3.CNSA.1","A00000117508","22-001","condition ok","SIRFER Lab at University of Utah",2022-01-10,"ElFtGy1kV49xqNP00HfxQA==","CNS","1",8,25,100,"nitrogen",3600.01,"microgramsPerLiter","SIRFER_algalPlantChem_isotopes_V1","Revesz & Coplen 2012a","N",NA,NA,"20221130T001453Z","PROVISIONAL","EPI"
"208","01a0652e-d82e-46d7-bafc-d60bb190e126","D12","BLDE","BLDE.AOS.reach",2021-06-28,"BLDE.20210628.EPILITHON.4.CNSB.1","A00000117492","22-001","condition ok","SIRFER Lab at University of Utah",2022-01-26,"ElFtGy1kV49xqNP00HfxQA==","CNS","1",8,25,100,"carbon",26243.09,"microgramsPerLiter","SIRFER_algalPlantChem_isotopes_V1","Revesz & Coplen 2012a","Y",NA,NA,"20221130T001453Z","PROVISIONAL","EPI"
"209","9fe07b60-8332-4df4-94ea-bb2c6567687f","D12","BLDE","BLDE.AOS.reach",2021-06-28,"BLDE.20210628.EPILITHON.7.CNSB.1","A00000117385","22-001","condition ok","SIRFER Lab at University of Utah",2022-01-26,"ElFtGy1kV49xqNP00HfxQA==","CNS","1",8,25,100,"carbon",36454.2,"microgramsPerLiter","SIRFER_algalPlantChem_isotopes_V1","Revesz & Coplen 2012a","Y",NA,NA,"20221130T001453Z","PROVISIONAL","EPI"
"210","bde7512c-0111-49a0-b1e5-39f88468d71c","D12","BLDE","BLDE.AOS.reach",2021-06-28,"BLDE.20210628.EPILITHON.4.CNSA.1","A00000117510","22-001","condition ok","SIRFER Lab at University of Utah",2022-01-10,"ElFtGy1kV49xqNP00HfxQA==","CNS","1",8,25,100,"nitrogen",2635.03,"microgramsPerLiter","SIRFER_algalPlantChem_isotopes_V1","Revesz & Coplen 2012a","N",NA,NA,"20221130T001453Z","PROVISIONAL","EPI"
"211","6eb3568c-a8e2-401e-bc29-97effe0ef7e2","D12","BLDE","BLDE.AOS.reach",2021-06-28,"BLDE.20210628.EPILITHON.8.CNSA.1","A00000117404","22-001","condition ok","SIRFER Lab at University of Utah",2022-01-10,"ElFtGy1kV49xqNP00HfxQA==","CNS","1",12,25,100,"carbon",29508.2,"microgramsPerLiter","SIRFER_algalPlantChem_isotopes_V1","Revesz & Coplen 2012a","N",NA,NA,"20221130T001453Z","PROVISIONAL","EPI"
"212","b6c2358e-cb8b-4dd6-9ca1-6435c579ef64","D12","BLDE","BLDE.AOS.reach",2021-06-28,"BLDE.20210628.EPILITHON.2.REP2.CNSA.2","A00000117525","22-001","condition ok","SIRFER Lab at University of Utah",2022-01-10,"ElFtGy1kV49xqNP00HfxQA==","CNS","1",8,25,100,"carbon",48967.63,"microgramsPerLiter","SIRFER_algalPlantChem_isotopes_V1","Revesz & Coplen 2012a","N",NA,NA,"20221130T001453Z","PROVISIONAL","EPI"
"213","160d888d-acff-4505-a753-ad47f6a6da72","D12","BLDE","BLDE.AOS.reach",2021-06-28,"BLDE.20210628.EPILITHON.6.CNSA.1","A00000117402","22-001","condition ok","SIRFER Lab at University of Utah",2022-01-10,"ElFtGy1kV49xqNP00HfxQA==","CNS","1",8,25,100,"carbon",39426.32,"microgramsPerLiter","SIRFER_algalPlantChem_isotopes_V1","Revesz & Coplen 2012a","N",NA,NA,"20221130T001453Z","PROVISIONAL","EPI"
"214","0f4195df-d61e-4974-a07b-49203b2158e8","D12","BLDE","BLDE.AOS.reach",2021-06-28,"BLDE.20210628.EPILITHON.2.CNSA.1","A00000117726","22-001","condition ok","SIRFER Lab at University of Utah",2022-01-10,"ElFtGy1kV49xqNP00HfxQA==","CNS","1",8,25,100,"carbon",50121.19,"microgramsPerLiter","SIRFER_algalPlantChem_isotopes_V1","Revesz & Coplen 2012a","N",NA,NA,"20221130T001453Z","PROVISIONAL","EPI"
"215","2e33098b-8e0a-48b2-817b-d691a103fda0","D12","BLDE","BLDE.AOS.reach",2021-06-28,"BLDE.20210628.EPILITHON.2.REP2.CNSB.2","A00000117507","22-001","condition ok","SIRFER Lab at University of Utah",2022-01-26,"ElFtGy1kV49xqNP00HfxQA==","CNS","1",8,25,100,"carbon",48887.07,"microgramsPerLiter","SIRFER_algalPlantChem_isotopes_V1","Revesz & Coplen 2012a","Y",NA,NA,"20221130T001453Z","PROVISIONAL","EPI"
"216","3545aa1f-607d-4c66-835f-bf9273f791ce","D12","BLDE","BLDE.AOS.reach",2021-06-28,"BLDE.20210628.EPILITHON.3.CNSA.1","A00000117508","22-001","condition ok","SIRFER Lab at University of Utah",2022-01-10,"ElFtGy1kV49xqNP00HfxQA==","CNS","1",8,25,100,"carbon",28916.12,"microgramsPerLiter","SIRFER_algalPlantChem_isotopes_V1","Revesz & Coplen 2012a","N",NA,NA,"20221130T001453Z","PROVISIONAL","EPI"
"217","b8ec1913-e5ce-4dc3-a8c8-fdda82a4f68e","D12","BLDE","BLDE.AOS.reach",2021-06-28,"BLDE.20210628.EPILITHON.5.CNSA.1","A00000117490","22-001","condition ok","SIRFER Lab at University of Utah",2022-01-10,"ElFtGy1kV49xqNP00HfxQA==","CNS","1",8,25,100,"carbon",36351.91,"microgramsPerLiter","SIRFER_algalPlantChem_isotopes_V1","Revesz & Coplen 2012a","N",NA,NA,"20221130T001453Z","PROVISIONAL","EPI"
"218","8fea0650-db80-4508-a541-2788fd89208c","D12","BLDE","BLDE.AOS.reach",2021-06-28,"BLDE.20210628.EPILITHON.6.CNSB.1","A00000117353","22-001","condition ok","SIRFER Lab at University of Utah",2022-01-26,"ElFtGy1kV49xqNP00HfxQA==","CNS","1",8,25,100,"carbon",39272.21,"microgramsPerLiter","SIRFER_algalPlantChem_isotopes_V1","Revesz & Coplen 2012a","Y",NA,NA,"20221130T001453Z","PROVISIONAL","EPI"
